morphic_id,gce_id,Image Usable?,Sex,Colour Morph,Age,Photographer,Location,Latitude,Longitude,Location Name,direct_link,visible_link,Comments
6194,,no,,,Adult,Roger de la Harpe,"{""latitude"":-28.5305539,""longitude"":30.895824199999993}",-28.5305539,30.895824199999993,Kwa Zulu Natal,http://www.africaimagery.com/image_gallery/album/Wildlife/Birds/Raptors Miscellaneous/slides/462293.jpg,http://www.africaimagery.com/image_gallery/album/Wildlife/Birds/Raptors Miscellaneous/slides/462293.html,wrong species - goshawk?
6198,3,yes,,Dark,Adult,Johann Grobelar,"{""latitude"":-23.8466667,""longitude"":30.03194439999993}",-23.8466667,30.03194439999993,Magoebaskloof,http://www.biodiversityexplorer.org/birds/accipitridae/images/JG00528_404h.jpg,http://www.biodiversityexplorer.org/birds/accipitridae/accipiter_melanoleucus.htm,
6196,,no,,,,,,,,,http://www.southafricaholiday.org.uk/images/sparrowhawk_black.jpg,http://www.southafricaholiday.org.uk/nature/b_hawks.htm,Can't find location.
6197,,no,,Light,,,,,,,http://img1.photographersdirect.com/img/12366/wm/pd305913.jpg,http://www.photographersdirect.com/buyers/stockphoto.asp?imageid=305913,location not accurate enough in desc
6284,27,yes,Male,Light,Adult,Babylonstoren Blogger,"{""latitude"":-33.827599,""longitude"":18.924967000000038}",-33.827599,18.924967000000038,"Babylonstoren, Cape Winelands",http://blog.babylonstoren.com/wp-content/uploads/2013/01/black-sparrow-hawk.jpg,http://blog.babylonstoren.com/2013/01/,0.729
,44,yes,,Dark,Adult,Boland Falconry Club,,-33.966298,18.504023,Cape Nature Reserve,,http://www.bolandfalconryclub.co.za/falcons-hawks/rehabilitation/01-2009-black-sparrowhawk/,Perched with 2 purple rings
6568,51,yes,,Light,Adult,Cape Bird Club,"{""latitude"":-34.0530556,""longitude"":18.384722199999942}",-34.0530556,18.384722199999942,"Western Cape, South Africa",http://www.capebirdclub.org.za/cbc/images/bird-bsh AK dec2004.JPG,http://www.capebirdclub.org.za/cbc/history-chapter five.html,On nest with chicks
6201,,no,,,,,,,,,http://img1.photographersdirect.com/img/12366/wm/pd305919.jpg,http://www.photographersdirect.com/buyers/stockphoto.asp?imageid=305919,Can't find location.
6202,,no,,,,,,,,,http://img1.photographersdirect.com/img/12366/wm/pd305923.jpg,http://www.photographersdirect.com/buyers/stockphoto.asp?imageid=305923,Dup ind.
6203,,no,,Light,Juvenile,Alan Manson,"{""latitude"":-29.6006068,""longitude"":30.37941180000007}",-29.6006068,30.37941180000007,"Cedara Farm, Pietermaritzburg, KwaZulu-Natal, South Africa",http://www.birdforum.net/opus/images/4/4c/2008_03_31_Imm_Black_Sparrowhawk_2783.jpg,http://www.birdforum.net/opus/Black_Sparrowhawk,Juv
6204,,no,,,,,,,,,http://birding.krugerpark.co.za/images/birding-kruger-black-sparrowhawk-snaddon-280.jpg,http://birding.krugerpark.co.za/birding-in-kruger-raptor-hawks.html,Not a photo.
,57,yes,,Dark,Adult,Richard,,-34.442973,19.455470,Western Cape Birding Routes-Stanford,,http://www.westerncapebirding.co.za/overberg/news/1475/entries_for_birdlife_overbergs_bird_of_the_year_competition,
6763,61,yes,,Light,Adult,Jackes Botha,"{""latitude"":-33.724167,""longitude"":18.955832999999984}",-33.724167,18.955832999999984,Bird Sanctuary - Paarl,https://s-media-cache-ak0.pinimg.com/236x/78/f7/0e/78f70eb7c7c6cf34feb260b89932dd09.jpg,https://www.pinterest.com/DMDU/sparrowhawk-krahujec/,
,62,yes,,Light,Adult,Josh ,,-29.725083,31.085968,Umhlanga,,http://joshsbigyear.com/black-sparrowhawk/,
6208,,no,,Dark,Adult,Ode Curtis,,,,,http://www.globalraptors.org/grin/images/birds/Black_Sparrowhawk.jpg,http://www.globalraptors.org/grin/SpeciesResults.asp?specID=8144,GABI - email info@overbergrenosterveld.org.za
6199,69,yes,,Light,Adult,,"{""latitude"":-33.9321045,""longitude"":18.86015199999997}",-33.9321045,18.86015199999997,"Stellenbosch, Western Cape, South Africa",http://img1.photographersdirect.com/img/12366/wm/pd491815.jpg,http://www.photographersdirect.com/buyers/stockphoto.asp?imageid=491815,
6210,,no,,,,,,,,,http://www.fitzpatrick.uct.ac.za/images/black_sparrowhawks_300.jpg,http://www.fitzpatrick.uct.ac.za/docs/news_201112.html,Dup ind.
6652,95,yes,,Light,Adult,Matthew Orolowitz,"{""latitude"":-34.076,""longitude"":18.57299999999998}",-34.076,18.57299999999998,Strandfontein,http://www.capebirdclub.org.za/images/cbc-bird black sparrowhawk MO july 2011.jpg,http://www.capebirdclub.org.za/art-Strandfontein-photo gallery3-Matthew Orolowitz.html,
6212,,no,,Dark,Adult,,"{""latitude"":-33.9075,""longitude"":18.601390000000038}",-33.9075,18.601390000000038,Tygerberg Hills,http://tygerberghills.co.za/wordpress/wp-content/uploads/2014/01/black_sparrowhawk_02.jpg,http://tygerberghills.co.za/birds/,Can't see chest.
6213,,no,,Dark,Adult,,"{""latitude"":-34.205,""longitude"":18.403999999999996}",-34.205,18.403999999999996,Cape peninsula,https://oikosjournal.files.wordpress.com/2014/06/raptors2.jpg,https://oikosjournal.wordpress.com/2014/06/10/coping-with-novel-climates-lessons-from-a-range-expanding-raptor/,Can't find location.
6214,,no,,,,,,,,,http://www.avesbirdingtours.com/photos/newletter_12431_big_1.jpg?2392,http://www.avesbirdingtours.com/wnewsdisp.php?id=12431,Can't see chest.
6299,107,yes,,Dark,Adult,Barry,"{""latitude"":-33.922186,""longitude"":18.419932000000017}",-33.922186,18.419932000000017,City Bowl Accommodation,http://www.livecapetown.co.za/wp-content/uploads/2010/10/BlackEagle-300x157.jpg,http://www.livecapetown.co.za/?tag=welgelegen,
6216,,no,,,,,,,,,http://www.birdingafrica.com/IMAGES_from_Feb09/BSringedBlackSparrCC13kB.jpg,http://www.birdingafrica.com/black_sparrowhawk.htm,Dup ind.
6217,,no,,,Juvenile,,,,,,http://upload.wikimedia.org/wikipedia/commons/thumb/9/95/Black_Sparrowhawk_juvenile_x.jpg/200px-Black_Sparrowhawk_juvenile_x.jpg,http://en.wikipedia.org/wiki/Black_sparrowhawk,Juvinile.
6218,,no,,,Juvenile,,,,,,http://ibc.lynxeds.com/files/pictures/Black_sparrowhawk_-_HOK.jpg,http://ibc.lynxeds.com/photo/black-sparrowhawk-accipiter-melanoleucus/juvenile-bird,Juvinile.
6219,,no,,,Juvenile,,,,,,http://www.africanraptors.org/wp-content/uploads/2012/11/Picture-51.jpg,http://www.africanraptors.org/interview-with-ann-koeslag-about-the-black-sparrowhawk-of-the-cape-peninsula-in-south-africa/,Juvenile
6220,,no,,,,,,,,,http://img1.photographersdirect.com/img/12366/wm/pd305912.jpg,http://www.photographersdirect.com/stockimages/a/accipiter_melanoleucus.asp,Juv
6221,,no,,,,,,,,,http://www.hbw.com/sites/default/files/styles/large_a/public/figures/hbw02/jpg/02_14_140_Accipiter melanoleucus_melanistic morph.jpg,http://www.hbw.com/species/black-sparrowhawk-accipiter-melanoleucus,Not photo.
6222,,no,,,,,,,,,http://www.albion-prints.com/ekmps/shops/albionprint/images/Smith-Zoology-of-South-Africa-1849-Hand-Col-Bird-Print.-Black-Sparrowhawk-18-154411-p.jpg,http://www.albion-prints.com/smith-zoology-of-south-africa-1849-hand-col-bird-print-black-sparrowhawk-18-154411-p.asp,Not photo.
,113,yes,,Light,Adult,,,-33.918100,19.132282,Franschoek,,http://birdlifebergriver.blogspot.com/2010_02_01_archive.html,
6224,,no,,,Juvenile,,,,,,http://upload.wikimedia.org/wikipedia/commons/f/f8/Accipiter_melanoleucus_Black_sparrowhawk_Immature_female_IMG_1857.jpg,http://commons.wikimedia.org/wiki/File:Accipiter_melanoleucus_Black_sparrowhawk_Immature_female_IMG_1857.jpg,Juv
6225,,no,,,,Peter & Beverly Pickford,,,,,http://cdn1.arkive.org/media/10/10FB8673-C2B1-4292-AE32-2BE3C3AD7388/Presentation.Large/Black-goshawk-starting-to-spread-wings.jpg,http://www.arkive.org/black-goshawk/accipiter-melanoleucus/,Can't see chest better image in later search-result.
6226,,no,,,,,,,,,http://ibc.lynxeds.com/files/pictures/Black_Sparrowhawk_010.jpg,http://ibc.lynxeds.com/photo/black-sparrowhawk-accipiter-melanoleucus/black-sparrowhawk-caught-cattle-egret-my-garden-was-f,Dup ind.
6227,,no,,,,,,,,,http://www.oiseaux.net/photos/jill.adams/images/autour.noir.jiad.0g.jpg,http://www.oiseaux.net/photos/jill.adams/black.sparrowhawk.0.html,Not photo.
6228,,no,,,Adult,,,,,,http://www.birdingafrica.com/IMAGES_from_Feb09/BSringedBlackSparrFliesCC21.jpg,http://www.birdingafrica.com/black_sparrowhawk.htm,Dup ind.
6229,,no,,,,,,,,,http://img1.photographersdirect.com/img/12366/wm/pd305930.jpg,http://www.photographersdirect.com/buyers/stockphoto.asp?imageid=305930,Wrong species
6230,,no,,,,,,,,,http://www.avibirds.com/all/ACCIPITRIFORMES/Accipitridae/maps/Black Sparrowhawk.jpg,http://www.avibirds.com/html/raptors/Black_Sparrowhawk.html,Not photo.
6231,,no,,,,,,,,,https://farm3.staticflickr.com/2893/9442053495_27ee19caa9_m.jpg,http://avibase.bsc-eoc.org/species.jsp?avibaseid=819AB8230B1E2165,Nigeria.
6232,,no,,,,,,,,,http://cdn1.arkive.org/media/4A/4A3E071F-8BA0-427E-9150-820F16DB7C91/Presentation.Large/Close-up-of-black-goshawk-head.jpg,http://www.arkive.org/black-goshawk/accipiter-melanoleucus/,Dup ind.
6233,,no,,,,,,,,,https://midlandsconservanciesforum.files.wordpress.com/2014/07/boston_7299_long-crested-eagle.jpg,https://midlandsconservanciesforum.wordpress.com/2014/07/page/2/,Wrong species.
6234,,no,,,,,,,,,http://4.bp.blogspot.com/_zxnmCSWpaVg/TON3NUTVDjI/AAAAAAAAAqM/7ApbKeySy6w/s1600/Swartsperwer+1.jpg,http://cameratrap.mywild.co.za/2010/11/sparrowhawks-at-puddle.html,Juv.
6235,,no,,,,,,,,,https://open.uct.ac.za/bitstream/handle/11427/7637/thesis_sci_2013_baigrie_sparrowhawk_diets.pdf.jpg?sequence=3,"https://open.uct.ac.za/handle/11427/414/browse?value=Amar,+Arjun&type=author",Not photo.
,117,yes,,Light,Adult,Craig Adam ,,-34.225425,19.196925,Botriver,,http://www.flickr.com/photos/cjaphotography/8864233438/,
6237,,no,,,,,,,,,http://www.ispotnature.org/sites/default/files/imagecache/preview/images/42618/69e9bbfb0653631f13c2f8efe350af43.jpg?nav=related,http://www.ispotnature.org/node/638137,Dup ind.
,123,yes,,Dark,Adult,Benjamin (iSpot),,-33.934178,18.880411,"Mostertsdrift, Stellenbosch, WC",,http://www.ispot.org.za/node/147977,
6239,,no,,,,,,,,,http://www.africanraptors.org/wp-content/uploads/2012/11/Ann_Spier07112011IMG_2910-s.jpg,http://www.africanraptors.org/interview-with-ann-koeslag-about-the-black-sparrowhawk-of-the-cape-peninsula-in-south-africa/,Person not bird.
6240,,no,,,,,,,,,https://midlandsconservanciesforum.files.wordpress.com/2014/09/boston_9129_african-harrier-hawk.jpg,https://midlandsconservanciesforum.wordpress.com/page/10/,Wrong species.
6241,,no,,,,,,,,,http://www.timaverybirding.com/photos/albums/2013/08-09_africa/20130830/lake-panic/thumb_black-sparrowhawk.jpg,http://www.timaverybirding.com/photos/thumbnails.php?album=1121,Can't see chest.
6242,,no,,,,,,,,,http://cdn2.arkive.org/media/E1/E14A3184-96D4-4E09-8064-7E46C748F13A/Presentation.Large/Close-up-of-a-female-black-goshawk.jpg,http://www.arkive.org/black-goshawk/accipiter-melanoleucus/image-G33388.html,Can't find location.
6243,,no,,,Juvenile,,,,,,http://www.getbirding.com/wp-content/uploads/2009/08/black-sparrowhawk.jpg,http://www.getbirding.com/?p=824,Juv
6244,,no,,,,,,,,,http://ibc.lynxeds.com/files/imagecache/photo_940/pictures/Black_Sparrowhawk_008.jpg,http://ibc.lynxeds.com/photo/black-sparrowhawk-accipiter-melanoleucus/black-sparrowhawk-had-caught-cattle-egret-my-garden-t,Dup Ind
,125,yes,,Light,Adult,Gareth Hazell,,-29.765528,30.852761,Krantzkloof,,http://kknr.org.za/gallery/displayimage.php?album=3&pos=6,
6278,,no,,,,Umdoni retirement village,,,,,http://www.ispotnature.org/sites/default/files/imagecache/preview/images/42618/9ca63104b861d66d55a615f7e7d28434.jpg?nav=related,http://www.ispotnature.org/node/638137,Dup ind.
6279,,no,,Light,,Tom Tarrant,,,,,http://cdn2.arkive.org/media/F4/F4A43640-3A67-454E-987A-3AF2F109F6B6/Presentation.Large/Black-goshawk-in-flight.jpg,http://www.arkive.org/black-goshawk/accipiter-melanoleucus/image-G34746.html,GABI - email aviceda@hotkey.net.au
6280,,no,,,,,,,,,http://www.birdingafrica.com/IMAGES_from_Feb09/RWblackSparLeftShort65kB.jpg,http://www.birdingafrica.com/birdingafricapinelands.htm,Wrong species or juvinile.
6281,,no,,Dark,Adult,Ian White,"{""latitude"":-24.658056,""longitude"":25.91222199999993}",-24.658056,25.91222199999993,"Gaborone, South-East, Botswana",http://farm9.staticflickr.com/8306/8005404762_36b5264809.jpg,http://www.flickr.com/services/feeds/geo/?format=kml&tags=accipitermelanoleucus&lang=en-us&page=1,Location in description on flickr https://www.flickr.com/photos/ian_white/8005404762
,129,yes,,Dark,Adult,Michael McSweeney,,-34.037640,18.419200,Little Stream,,http://www.ispot.org.za/node/182261,
6283,,no,,,,,,,,,https://midlandsconservanciesforum.files.wordpress.com/2014/09/boston_9373_african-stonechat.jpg,https://midlandsconservanciesforum.wordpress.com/page/10/,Wrong Species.
6439,131,yes,,Light,Adult,Nico Myburgh,"{""latitude"":-34.03384710870967,""longitude"":18.871150545793853}",-34.03384710870967,18.871150545793853,Helderberg Mountains,http://www.villagelife.co.za/images/37_bl-sparrowhawk-5.jpg,http://www.villagelife.co.za/nico-myburgh-vl37.html,
,138,yes,,Light,Adult,Dave Rimmer,,-29.666640,29.967846,Boston natal midlands,,http://blpn.org/2013/11/20/gramarye-farm-boston-sunday-outing/black-sparrowhawk-boston/,
,149,yes,,Light,Adult,,,-28.381819,30.169086,Drakensberg,,http://www.eishsa.co.za/minisites/drakensberg.html,
6287,,no,,,Juvenile,Peter & Beverly Pickford,,,,,http://cdn1.arkive.org/media/64/64197A46-3AB8-4973-970C-DD4142F95BC4/Presentation.Large/Immature-black-goshawk-on-branch.jpg,http://www.arkive.org/black-goshawk/accipiter-melanoleucus/,Juvinile or can't see chest.
6288,,no,,Light,Adult,Peter Johnson,"{""latitude"":-32.2968402,""longitude"":26.419389000000024}",-32.2968402,26.419389000000024,"Eastern Cape, South Africa",http://www.corbisimages.com/images/Corbis-PJ006996.jpg?size=67&uid=43706911-3320-4ec2-be9c-e494af29163a,http://www.corbisimages.com/stock-photo/rights-managed/PJ006996/black-sparrowhawk-eating-francolin,Trained bird.
6289,,no,,,,,,,,,https://faithfuldiscipleship.wordpress.com/files/2009/10/black-sparrowhawk1.jpg,https://faithfuldiscipleship.wordpress.com/2009/10/12/birds-of-south-africa-part-1/,Captive bird.
6290,,no,,,,,,,,,https://midlandsconservanciesforum.files.wordpress.com/2014/08/boston_8543_african-harrier-hawk.jpg,https://midlandsconservanciesforum.wordpress.com/2014/08/page/2/,Wrong species.
6291,,no,,,,,,,,,http://www.africanraptors.org/wp-content/uploads/2012/11/Picture-41.jpg,http://www.africanraptors.org/interview-with-ann-koeslag-about-the-black-sparrowhawk-of-the-cape-peninsula-in-south-africa/,Duck.
6292,,no,,,Juvenile,,,,,,http://cdn1.arkive.org/media/64/64B0F6BF-D7C4-4697-83CC-613A3A9B9BC2/Presentation.Large/Immature-black-goshawk-on-branch-with-prey.jpg,http://www.arkive.org/black-goshawk/accipiter-melanoleucus/,Juv.
6293,,no,,,Juvenile,,,,,,http://upload.wikimedia.org/wikipedia/commons/thumb/5/53/Black_Sparrowhawk_chick_2_x.jpg/200px-Black_Sparrowhawk_chick_2_x.jpg,http://en.wikipedia.org/wiki/Black_sparrowhawk,Juv.
6294,,no,,,,,,,,,https://0.academia-photos.com/3056275/1004756/1256439/s200_arjun.amar.jpg,http://www.academia.edu/7041277/Clinal_variation_in_the_morph_ratio_of_Black_Sparrowhawks_Accipiter_melanoleucus_in_South_Africa_and_its_correlation_with_environmental_variables,No.
6295,,no,,,,,,,,,http://i188.photobucket.com/albums/z17/virdz/Shortwings/gavilan_negro.jpg,http://www.nafex.net/showthread.php?t=457,Captive.
6296,,no,,,,,,,,,http://birding.krugerpark.co.za/images/birding-kruger-dark-chanting-goshawk-snaddon-280.jpg,http://birding.krugerpark.co.za/birding-in-kruger-raptor-hawks.html,No.
6297,,no,,Dark,,,,,,,http://cdn1.arkive.org/media/5B/5B78AAC2-8C38-446D-B13B-8E5E5A847B5C/Presentation.Large/Black-goshawk-on-branch.jpg,http://www.arkive.org/black-goshawk/accipiter-melanoleucus/image-G34638.html,GABI - need to email | Email: bernie@afripics.com   |   ilka@afripics.com
6298,,no,,,,Jeanene Steeman,,,,,http://jeanene.steeman.org/Images/Marcus-Carstens.jpg,http://jeanene.steeman.org/Falconry-News.aspx,"Captive bird, can't see front."
,151,yes,,Dark,Adult,Tony Rebelo,,-34.058586,18.454325,Dreyersdal,,http://www.ispot.org.za/node/131095,
6300,,no,,,,,,,,,http://www.africanraptors.org/wp-content/uploads/2012/11/Picture-22.jpg,http://www.africanraptors.org/interview-with-ann-koeslag-about-the-black-sparrowhawk-of-the-cape-peninsula-in-south-africa/,Can't see chest.
6301,,no,,,,,,,,,https://karabos.files.wordpress.com/2011/10/raptor.jpg,https://karabos.wordpress.com/2011/10/18/sky-pirates/,Not photo.
6302,,no,,,Juvenile,,,,,,http://www.buckhambirding.co.za/wp/wp-content/uploads/2011/04/Black-Sparrowhawk-20110410a.jpg,http://www.buckhambirding.co.za/wp/?page_id=2253,Juv.
6303,,no,,,,,,,,,http://i160.photobucket.com/albums/t197/vfrnut/BlackSparrowhawk2Medium.jpg,http://www.falconryforum.co.uk/showthread.php?t=77304,Captive
,156,yes,,Light,Adult,Roelof van der Breggen,,-26.105463,27.990826,"President Ridge, joberg",,http://www.flickr.com/photos/roelofvdb/7590251442/in/photostream/,
6305,,no,,,,,,,,,http://birding.krugerpark.co.za/images/birding-kruger-african-harrier-hawk-snaddon-280.jpg,http://birding.krugerpark.co.za/birding-in-kruger-raptor-hawks.html,Not photo.
6306,,no,,,,,,,,,https://midlandsconservanciesforum.files.wordpress.com/2014/08/boston_8454_jackal-buzzard.jpg?w=625&h=801,https://midlandsconservanciesforum.wordpress.com/tag/jackal/,Wrong species.
6307,,no,,,Juvenile,,,,,,https://midlandsconservanciesforum.files.wordpress.com/2013/08/2013jul22_rock-kestrel_4069.jpg?w=625&h=852,https://midlandsconservanciesforum.wordpress.com/category/uncategorized/page/13/,Juv.
,158,yes,,Light,Adult,Real birder,,-34.268239,20.080955,Western Cape,,http://www.realbirder.com/SouthAfricaBirds.html,ringed
6309,,no,,,,,,,,,http://www.realbirder.com/SouthAfrica/Birds/Bokmakierie.JPG,http://www.realbirder.com/SouthAfricaBirds.html,Wrong species.
6310,,no,,,,,,,,,https://41.media.tumblr.com/ebe60555a6ade37088805c553bc408f0/tumblr_mn9h8kv0Yl1s4q4nco1_500.jpg,https://www.tumblr.com/tagged/sparrowhawke,Captive bird.
6311,,no,,,,Keith Offord,,,,,http://www.wildinsights.co.uk/userfiles/images/gallery/western_cape/black-sparrowhawk-femalecopyright-keith-offord-western-cape-2009.jpg,http://www.wildinsights.co.uk/Tours/Western-Cape,Can't see chest.
6312,,no,,,Juvenile,Jon Richfield,,,,,http://upload.wikimedia.org/wikipedia/commons/7/7c/Accipiter_melanoleucus_Black_sparrowhawk_Immature_female_IMG_1870.jpg,http://commons.wikimedia.org/wiki/File:Accipiter_melanoleucus_Black_sparrowhawk_Immature_female_IMG_1870.jpg,Juv.
,159,yes,,Light,Adult,Tony Rebelo,,-34.662466,18.441626,Tokai,,http://www.ispot.org.za/node/219758,ringed
6314,,no,,,,,,,,,http://www.realbirder.com/SouthAfrica/Birds/Black-headedHeron.JPG,http://www.realbirder.com/SouthAfricaBirds.html,Wrong species.
6315,,no,,,Juvenile,,,,,,http://tygerberghills.co.za/wordpress/wp-content/uploads/2014/09/black_sparrowhawk_juvenile.jpg,http://tygerberghills.co.za/page/10/,Juv.
6316,,no,,,,,,,,,https://midlandsconservanciesforum.files.wordpress.com/2014/11/boston_1878_0788_bokmakierie.jpg?w=625,https://midlandsconservanciesforum.wordpress.com/2014/11/page/2/,Wrong species.
,183,yes,,Light,Adult,Craig Adam,,-34.226211,19.198174,Botrivier,,http://www.flickr.com/photos/cjaphotography/8864233438/,
,203,yes,,Dark,Adult,Richard Masson,,-34.443607,19.450270,"Stanford, WC",,http://www.westerncapebirding.co.za/overberg/news/1494/identifying_birds_of_prey_of_the_western_cape,SA - From prev study
6381,,no,,,,,,,,,http://www.outdoorphoto.community/gallery/data/523/thumbs/Spur_wing_goose-small.jpg,http://www.outdoorphoto.community/gallery/showphoto.php?photo=242854,Wrong species.
6382,,no,,,,,,,,,http://www.thekruger.com/images/img15F.jpg,http://www.geocaching.com/seek/cache_details.aspx?guid=41666747-7da4-4cee-bf41-8840781e36a7,Wrong species.
6383,,no,,,Juvenile,,,,,,http://cdn2.arkive.org/media/DD/DD036F0E-FA6A-4A1F-A46E-F46529D36155/Presentation.Large/Black-goshawk-chick-in-nest.jpg,http://www.arkive.org/black-goshawk/accipiter-melanoleucus/,Juv.
6384,,no,,,,,,,,,http://www.hbw.com/sites/default/files/styles/medium/public/maps/checklist/black_sparrowhawk_accipiter_melanoleucus_distribution_map_0.jpg?itok=LzYrN_f6,http://www.hbw.com/species/black-sparrowhawk-accipiter-melanoleucus,Not a hawk.
,205,yes,,Light,Adult,Richard and eileen flack ,,-34.153828,18.355331,Ocean View,,http://www.theflacks.co.za/birds/black-sparrow-hawk/#!prettyPhoto,Location in description. Cape Peninsula - South Africa
6386,,no,,,,,,,,,http://www.biodiversityexplorer.org/birds/apodidae/images/3202736931_3fe94827e7_327w.jpg,http://www.biodiversityexplorer.org/birds/apodidae/apus_horus.htm,Wrong species.
,209,yes,,Light,Adult,Will George ,,-34.062455,18.441612,Cape Town suburb,,http://www.flickr.com/photos/runnerwill/10100533525/,Location in caption.
6388,,no,,,,,,,,,http://www.craigbertramsmith.co.za/Paintings/Jpegs/Black-Sparrow-hawk-L.jpg,http://www.craigbertramsmith.co.za/Craig Bertram Smith Paintings.htm,Painting.
6389,,no,,,,,,,,,http://i.ytimg.com/vi/KjTsIIPpDBo/hqdefault.jpg,http://www.youtube.com/watch?v=KjTsIIPpDBo,Can't find location.
6390,,no,,,,,,,,,http://worldbirds.eu/photo/black_26.jpg,http://worldbirds.eu/abcb/black_goshawk.htm,Can't find location.
,217,yes,,Light,Adult,Rene Maritz,,-34.249000,18.416200,Cape Peninsula,,http://expressonthego.blogspot.com/2013/05/black-sparrow-hawk.html,(bird on right)
6392,,no,,,Juvenile,,,,,,https://farm9.staticflickr.com/8475/8090719962_00c5290471_o.jpg,http://www.flickr.com/services/feeds/geo/?format=kml&tags=accipitermelanoleucus&lang=en-us&page=1,Juv
,226,yes,,Dark,Adult,Hardaker wildlife,,-33.971633,22.619629,Woodville Forest,,http://hardakerwildlife.wordpress.com/2011/11/02/22-october-2011-of-flufftails-and-trogons/,Location in description.
6394,,no,,,,,,,,,http://i169.photobucket.com/albums/u207/hamishsecrett/bird-2.jpg,http://www.falconryforum.co.uk/showthread.php?t=27144&page=3,Captive bird.
6395,,no,,,,,,,,,http://birding.krugerpark.co.za/images/birding-kruger-afican-harrier-hawk-brett-hilton-barber-590.jpg,http://birding.krugerpark.co.za/birding-in-kruger-raptor-hawks.html,Wrong species.
6396,,no,,,Juvenile,,,,,,http://upload.wikimedia.org/wikipedia/commons/8/86/Accipiter_melanoleucus_Black_sparrowhawk_Immature_female_IMG_1845.jpg,http://commons.wikimedia.org/wiki/File:Accipiter_melanoleucus_Black_sparrowhawk_Immature_female_IMG_1845.jpg,Juv
6397,,no,,Light,Adult,,,,,"Drumblade - Nestled below Perdeberg Mountain,",http://www.drumblade.co.za/black_sparrowhawk.jpg,http://www.drumblade.co.za/birds.html,species - location in description
6398,,no,,,Juvenile,,,,,,http://www.zandvleitrust.org.za/images/zvt-bird bsh AK feb 2005.jpg,http://www.zandvleitrust.org.za/art-ZIMP biotic - bird gallery.html,Juv
6399,,no,,,,Bryn de Kocks,"{""latitude"":-34.034504,""longitude"":18.874459}",-34.034504,18.874459,Helderberg Nature Reserve,http://bryndekocks.com/wp-content/uploads/2012/06/black-sparrowhawk.jpg,http://bryndekocks.com/blog/birding-in-the-helderberg-16-june-2012/,Duplicate Individual. (same as bryn-de-kocks-third-image)
,276,yes,,Light,Adult,Robert Wienand,,-23.988496,31.554676,KNP,,http://www.flickr.com/photos/56512129@N02/with/6156901668/lightbox/,Location in caption.
,281,yes,,Light,Adult,KL Clarke,,-34.120733,18.391699,Afton Grove,,http://www.flickr.com/photos/klclarke/3286241139/,Location in description. More photos http://www.ispotnature.org/node/638137
,355,yes,,Light,Adult,Craig Adam,,-34.225239,19.196587,Botriver,,http://www.flickr.com/photos/cjaphotography/8864229046/,Location in description.
6403,,no,,,Juvenile,,,,,,http://upload.wikimedia.org/wikipedia/commons/5/5a/Accipiter_melanoleucus_Black_sparrowhawk_Immature_female_IMG_1853.jpg,http://commons.wikimedia.org/wiki/File:Accipiter_melanoleucus_Black_sparrowhawk_Immature_female_IMG_1853.jpg,Juv.
6404,,no,,,Juvenile,,,,,,https://s-media-cache-ak0.pinimg.com/736x/09/fe/05/09fe05fdd3058e8ca8a88205e024d4e8.jpg,https://www.pinterest.com/pin/294563631849075064/,Juv
6405,,no,,,,,,,,,http://tygerberghills.co.za/wordpress/wp-content/uploads/2014/01/Barn-Swallow.jpg,http://tygerberghills.co.za/birds/,Wrong species.
,384,yes,,Light,Adult,Rose and Barry Downard ,,-33.977441,25.580067,Oak tree cottage,,http://midlandsconservanciesforum.wordpress.com/2012/09/,(bryn-de-kocks third image) Location on website.
6407,,no,,,,,,,,,http://www.tarsiger.com/images/seimola/thumbs/thumb_2DSC_4436Black_Sparrowhawk.jpg,"http://www.tarsiger.com/gallery/index.php?sp=find&lang=eng&order=nro,paiva DESC&species=10600",Dupliacte Individual.
6408,,no,,,,,,,,,http://3.bp.blogspot.com/-Kt8G4TaaTpU/UxrYmIel1PI/AAAAAAAAAzU/jEHZt_EHRGY/s1600/black+spar.jpg,http://olliesbirding.blogspot.com/2014/03/south-africa-november-2013-kruger.html,Can't see front.
6409,,no,,,,,,,,,http://www.ispotnature.org/sites/default/files/imagecache/preview/images/42599/6cc7209bf08da3863631973678847f49.jpg?nav=related,http://www.ispotnature.org/node/569367,Duplicate individual.
6410,,no,,,,,,,,,http://i4.rgstatic.net/i/profile/3deec51628caceee01_l_de78d.jpg,http://www.researchgate.net/publication/262150928_Clinal_variation_in_the_morph_ratio_of_Black_Sparrowhawks_Accipiter_melanoleucus_in_South_Africa_and_its_correlation_with_environmental_variables,Not a bird.
,395,yes,Male,Light,Adult,Matthew Wridgway,,-34.078491,18.837750,Somerset West,,http://www.outdoorphoto.co.za/gallery/showphoto.php%3Fphoto%3D242854,
6412,,no,,,,,,,,,http://www.biodiversityexplorer.org/birds/apodidae/images/1787horusswift1_327w.jpg,http://www.biodiversityexplorer.org/birds/apodidae/apus_horus.htm,Wrong species.
6413,,no,,,,,,,,,http://www.birdingafrica.com/IMAGES_from_Feb09/PLBlackSparOnNestAK.jpg,http://www.birdingafrica.com/black_sparrowhawk_nest.htm,Dup ind.
6414,,no,,,,,,,,,https://blackspar1.files.wordpress.com/2013/01/sc-m.jpg?w=570&h=328,https://blackspar1.wordpress.com/interview/,Dup ind.
6415,,no,,,,,,,,,http://www.hardaker.co.za/2013/3446blacksparrowhawk10.jpg,http://www.hardaker.co.za/blacksparrowhawk1.htm,Duplicate ind.
6416,,no,,,,,,,,,http://farm7.staticflickr.com/6184/6089917462_843831544d.jpg,http://www.flickr.com/services/feeds/geo/?format=kml&tags=accipitermelanoleucus&lang=en-us&page=1,Wrong species.
6417,,no,,,,,,,,,http://i179.photobucket.com/albums/w291/Dewiedwards/_DSC3284.jpg,http://www.northwalesbirding.co.uk/forum/viewtopic.php?t=1876,Juv or wrong spec.
6211,(118b),yes,,Dark,Adult,Ann Koeslag,"{""latitude"":-34.0625,""longitude"":18.441667000000052}",-34.0625,18.441667000000052,Tokai Forrest Cape Town,http://www.africanraptors.org/wp-content/uploads/2012/11/picture_11_ab_merged_small.jpg,http://www.africanraptors.org/interview-with-ann-koeslag-about-the-black-sparrowhawk-of-the-cape-peninsula-in-south-africa/,No idea; Location in desc.
6205,"(18a, 22a)",yes,,Light,Adult,Alan Manson,"{""latitude"":-30.3378432,""longitude"":30.28011659999993}",-30.3378432,30.28011659999993,"Hlokozi, KwaZulu-Natal, South Africa",http://www.birdforum.net/opus/images/thumb/9/92/2007_11_29_Black_Sparrowhawk_1618.jpg/350px-2007_11_29_Black_Sparrowhawk_1618.jpg,http://www.birdforum.net/opus/Black_Sparrowhawk,This is a sparrowhawk despite the author thinking it's a black eagle! Location and morph in description.
6420,,no,,,,,,,,,http://3.bp.blogspot.com/-uEvTBnAuP7M/UARhy5cMn7I/AAAAAAAAHnU/0ULdC8fxSfM/s640/006.jpg,http://fireflyafrica.blogspot.com/2012/07/black-sparrowhawk.html,Duplicate ind.
6206,"(5, 20a)",yes,,Light,Adult,Theo Buchholz,"{""latitude"":-33.285,""longitude"":19.137778000000026}",-33.285,19.137778000000026,"Tulbagh, Western Cape, South Africa",http://ibc.lynxeds.com/files/imagecache/photo_940/pictures/Black_Sparrowhawk_024.jpg,http://ibc.lynxeds.com/photo/black-sparrowhawk-accipiter-melanoleucus/black-sparrowhawk-caught-cattle-egret-my-garden-tulba,Location in description.
6422,,no,,,,,,,,,http://upload.wikimedia.org/wikipedia/commons/3/35/Accipiter_melanoleucus_Black_sparrowhawk_Immature_female_IMG_1846s.jpg,http://commons.wikimedia.org/wiki/File:Accipiter_melanoleucus_Black_sparrowhawk_Immature_female_IMG_1846s.jpg,Juv.
6423,,no,,,,,,,,,http://www.ispotnature.org/sites/default/files/imagecache/preview/images/40568/bb338c1c2fbb09ccb941f5f80bb9a8a3.jpg?nav=related,http://www.ispotnature.org/node/479943,Dup ind.
6424,,no,,,,,,,,,http://www.fitzpatrick.uct.ac.za/images/proj_harrier.jpg,http://www.fitzpatrick.uct.ac.za/docs/raptor.html,Wrong spec.
6425,,no,,,,,,,,,http://fatbirder.com/photos/0784f44e1e34956a6b540b1381c7511eWesternCape.jpg,http://fatbirder.com/links_geo/africa/south_africa_western_cape.html,Wrong spec.
6426,,no,,,,,,,,,http://www.realbirder.com/SouthAfrica/Birds/Brown-headedParrot.JPG,http://www.realbirder.com/SouthAfricaBirds.html,Wrong spec.
6427,,no,,,,,,,,,http://www.nhptv.org/wild/images/Jackalbuzzard.jpg,http://www.nhptv.org/wild/accipitridae.asp,Wrong spec.
6428,,no,,,,,,,,,https://midlandsconservanciesforum.files.wordpress.com/2013/06/long-billed-pipit.jpg,https://midlandsconservanciesforum.wordpress.com/category/uncategorized/page/16/,Wrong spec.
,118c,yes,,Dark,Adult,Ann Koeslag,,-34.062455,18.441612,Cape Town suburb,,http://www.africanraptors.org/interview-with-ann-koeslag-about-the-black-sparrowhawk-of-the-cape-peninsula-in-south-africa/,Location in description.
6430,,no,,,,,,,,,http://www.realbirder.com/SouthAfrica/Birds/BlacksmithPlover.JPG,http://www.realbirder.com/SouthAfricaBirds.html,Wrong spec.
6431,,no,,,,,,,,,http://www.africaimagery.com/image_gallery/album/Wildlife/Birds/Raptors Miscellaneous/slides/462422.jpg,http://www.africaimagery.com/image_gallery/album/Wildlife/Birds/Raptors Miscellaneous/slides/462293.html,Wrong spec.
6432,,no,,,,,,,,,http://i654.photobucket.com/albums/uu267/black-sparrowhawk/DSC02470.jpg?t=1244121544,http://www.falconryforum.co.uk/showthread.php?t=59412&page=12,"Captive, can't find original location."
6433,,no,,,Juvenile,,,,,,http://www.getbirding.com/wp-content/uploads/2009/08/_mg_0468-2.jpg,http://www.getbirding.com/?p=824,Juv.
6469,118d,yes,Female,Light,Adult,Ann Keoslag,"{""latitude"":-34.054952,""longitude"":18.39987199999996}",-34.054952,18.39987199999996,Tokai 'cape town suburb',https://s-media-cache-ak0.pinimg.com/236x/d0/ec/dd/d0ecddf8ac3eb0706369dc81fe7a3ee9.jpg,https://www.pinterest.com/source/africanraptors.org/,Location in description.
,118e,yes,,Dark,Adult,Ann Koeslag,,-34.062455,18.441612,Cape Town suburb,,http://www.africanraptors.org/interview-with-ann-koeslag-about-the-black-sparrowhawk-of-the-cape-peninsula-in-south-africa/,Location in desc
6436,,no,,,,,,,,,http://www.getbirding.com/wp-content/uploads/2009/12/grassbird-1.jpg,http://www.getbirding.com/?cat=178,Wrong spec
6437,,no,,,,,,,,,http://www.biodiversityexplorer.org/birds/phalacracoridae/images/eos05352_327w.jpg,http://www.biodiversityexplorer.org/birds/phalacracoridae/phalacrocorax_africanus.htm,Wrong spec
6438,,no,,,,,,,,,https://khms1.googleapis.com/kh?v=169&hl=en-US&x=35&y=38&z=6&token=33537,http://ibc.lynxeds.com/photo/black-sparrowhawk-accipiter-melanoleucus/black-sparrowhawk-caught-cattle-egret-my-garden-tulba,Not photo.
,119b,yes,,Dark,Adult,Deirdre Vrancken,,-33.931480,18.512682,Pinelands,,http://www.birdingafrica.com/IMAGES_from_Feb09/PLBlackSparAdultJuly09DV.jpg,Location in description
6440,,no,,,,,,,,,http://www.biodiversityexplorer.org/birds/ardeidae/images/77064630.87L83iVp_327w.jpg,http://www.biodiversityexplorer.org/birds/ardeidae/bubulcus_ibis.htm,Wrong spec
6441,,no,,,,,,,,,"http://carolinabirds.org/Daniels/SouthAfrica/PhotosSmall/Buzzard, Jackal EagleEncounters1.jpg",http://carolinabirds.org/HTML/AF_Raptor_Hawk.htm,Wrong spec
6442,,no,,,,,,,,,http://www.ispotnature.org/sites/default/files/imagecache/preview/images/43190/aa60e0afea288f21e15b9c8ce8bcbbc2_0.jpg?nav=related,http://www.ispotnature.org/node/523337,Dup ind.
6443,,no,,,,,,,,,https://birdlifepn.files.wordpress.com/2014/07/black-sparrowhawk-1.jpg?w=150&h=101,http://blpn.org/2014/07/17/finfoot-loop/,Dup ind.
6444,,no,,,,,,,,,http://www.villagelife.co.za/images/37_bl-sparrowhawk-4.jpg,http://www.villagelife.co.za/nico-myburgh-vl37.html,Not photo of sparrow hawk.
6445,,no,,,,,,,,,http://www.tarsiger.com/images/late/thumbs/thumb_greatsparrowhawk0778.jpg,"http://www.tarsiger.com/gallery/index.php?sp=find&lang=eng&order=nro,paiva DESC&species=10600",Kenya.
6446,,no,,,,,,,,,http://1.bp.blogspot.com/-QKkZsWY6ZjA/VLEEBpLf31I/AAAAAAAADxE/Aab_WjUtJ1c/s1600/IMG_2123.jpg,http://spanishnature.blogspot.com/2015/01/south-africa-birds-and-mammals-part-5.html,Not photo of sparrow hawk.
6447,,no,,,Juvenile,,,,,,http://www.philipfry.net/uploads/7/2/9/2/7292441/4800221_orig.jpg,http://www.philipfry.net/birders-blog/birding-goudini-spa-near-worcester,Juv.
6448,,no,,,,,,,,,http://i169.photobucket.com/albums/u207/hamishsecrett/blackspar2.jpg,http://www.falconryforum.co.uk/showthread.php?p=1757549,Dup ind.
6449,,no,,,,,,,,,http://www.stellenboschwriters.com/pThumbnails/7.jpg,http://www.stellenboschwriters.com/paintings.html,Not photo of sparrow hawk.
6450,,no,,,,,,,,,http://bryndekocks.com/wp-content/uploads/2012/09/Buzzard-South-Africa.jpg,http://bryndekocks.com/blog/spring-is-here-so-are-the-raptors/,Wrong species.
6451,,no,,,,,,,,,http://www.realbirder.com/SouthAfrica/Birds/BrimstoneCanary.JPG,http://www.realbirder.com/SouthAfricaBirds.html,Not photo of sparrow hawk.
6452,,no,,,,Graham Searl,,,,,https://s-media-cache-ak0.pinimg.com/236x/4e/a2/5b/4ea25bb88e88cca59f9f84a38a134b74.jpg,https://www.pinterest.com/carjimar/enraptured-with-raptors/,Can't find location.
6453,,no,,,Juvenile,,,,,,https://hardakerwildlife.files.wordpress.com/2012/03/044-20120318kirstenbosch-blacksparrowhawk.jpg?w=497&h=332,https://hardakerwildlife.wordpress.com/page/12/,Juv.
6454,,no,,,,,,,,,"http://carolinabirds.org/Daniels/SouthAfrica/PhotosSmall/Buzzard, Jackal swellendamToDeHook2.jpg",http://carolinabirds.org/HTML/AF_Raptor_Hawk.htm,Not photo of sparrow hawk.
6455,,no,,,,,,,,,http://www.cavern.co.za/wp-content/uploads/black-sparrowhawk-2.jpg,http://www.cavern.co.za/black-sparrowhawk/,Dup ind.
6456,,no,,,,,,,,,http://s2.hubimg.com/u/3761267_f260.jpg,http://tonymac04.hubpages.com/hub/South-Africas-Rainbird-the-lovely-but-nasty-Coucal,Wrong species.
6457,,no,,,,,,,,,http://www.victoriafallsriverlodge.com/wp-content/uploads/2013/07/harrier-hawk7987.jpg,http://www.victoriafallsriverlodge.com/zimbabwe/african-harrier-hawk/,Not photo of sparrow hawk.
6458,,no,,,,,,,,,http://www.realbirder.com/SouthAfrica/Places/Rhino1.JPG,http://www.realbirder.com/SouthAfrica.html,Not photo of sparrow hawk.
6459,,no,,,,,,,,,http://3.bp.blogspot.com/-BtmRoZoIdxM/UARh2F8n1cI/AAAAAAAAHnc/A7ssHs9ODY4/s640/013.jpg,http://fireflyafrica.blogspot.com/2012/07/black-sparrowhawk.html,Dup ind.
6460,,no,,,Juvenile,,,,,,http://www.hardaker.co.za/2013/3446blacksparrowhawk7.jpg,http://www.hardaker.co.za/blacksparrowhawk1.htm,Juv.
6461,,no,,,,,,,,,http://www.nhptv.org/wild/images/Blackchestedsnakeeagle.jpg,http://www.nhptv.org/wild/accipitridae.asp,CABI - species - Not photo of sparrow hawk.
6462,,no,,,,,,,,,http://www.africanraptor.co.za/wordpress/wp-content/uploads/2012/11/YBK-940x400.jpg,http://www.africanraptor.co.za/wordpress/?page_id=3634,Dup ind.
6463,,no,,,,,,,,,http://birding.krugerpark.co.za/images/birding-kruger-african-harrier-hawk-wingspan-snaddon-280.jpg,http://birding.krugerpark.co.za/birding-in-kruger-raptor-hawks.html,Not photo of sparrow hawk.
,121a,yes,,Dark,Adult,Colin Ralston,,-33.947533,22.463370,Garden Route Botanical Gardens,,http://www.ispot.org.za/node/197206,Location in desc.
6465,,no,,,,,,,,,http://www.nhptv.org/wild/images/verreauxseagle.jpg,http://www.nhptv.org/wild/accipitridae.asp,Wrong species.
6466,,no,,,,,,,,,http://www.ispotnature.org/sites/default/files/imagecache/preview/images/40568/f9576481f623dfaebadcffc23abf7c7a.jpg?nav=related,http://www.ispotnature.org/node/479943,Dup ind.
6467,,no,,,,,,,,,http://www.ymresourcer.com/Photos/Cumberland/Warbler_Little_Rush_2.jpg,http://www.ymresourcer.com/Birding/Cumberland.php,Not photo of sparrow hawk.
6468,,no,,,,,,,,,http://i84.photobucket.com/albums/k29/tazdastokamker/DSCF2084.jpg,http://www.falconryforum.co.uk/showthread.php?t=111621&page=3,Captive bird.
,121b,yes,,Light,Adult,Tony Rebelo,,-34.042000,18.387603,Tokai Park,,http://www.ispot.org.za/node/197206,location in description
6470,,no,,,,,,,,,http://bryndekocks.com/wp-content/uploads/2012/09/Cape-Mystery-Buzzard-Flight.jpg,http://bryndekocks.com/blog/a-weekend-of-raptors/,Not photo of sparrow hawk.
6471,,no,,,,,,,,,https://midlandsconservanciesforum.files.wordpress.com/2014/09/boston_9115_southern-black-tit.jpg?w=625,https://midlandsconservanciesforum.wordpress.com/tag/jackal-buzzard/,Not photo of sparrow hawk.
6472,,no,,,Juvenile,,,,,,http://www.hardaker.co.za/2013/3446blacksparrowhawk8.jpg,http://www.hardaker.co.za/blacksparrowhawk1.htm,Juv.
6473,,no,,,,,,,,,http://farm9.staticflickr.com/8460/8046338136_2a016f1a89.jpg,http://www.flickr.com/services/feeds/geo/?format=kml&tags=accipitermelanoleucus&lang=en-us&page=1,Dup ind.
6474,,no,,,,,,,,,http://www.ispotnature.org/sites/default/files/imagecache/preview/images/43190/dc6f792d7575c33d394aead618272297.jpg?nav=related,http://www.ispotnature.org/node/523337,Juv.
6475,,no,,,,,,,,,http://s2.hubimg.com/u/3761281_f260.jpg,http://tonymac04.hubpages.com/hub/South-Africas-Rainbird-the-lovely-but-nasty-Coucal,Not photo of sparrow hawk.
6476,,no,,,,,,,,,http://www.biodiversityexplorer.org/birds/accipitridae/images/3405africangoshawk1_427h.jpg,http://www.biodiversityexplorer.org/birds/accipitridae/accipiter_tachiro.htm,Not photo of sparrow hawk.
6477,,no,,,,,,,,,"http://carolinabirds.org/Daniels/SouthAfrica/PhotosSmall/Buzzard, Jackal EagleEncounters4.jpg",http://carolinabirds.org/HTML/AF_Raptor_Hawk.htm,Not photo of sparrow hawk.
6478,,no,,,,,,,,,http://www.ymresourcer.com/Photos/Cumberland/Warbler_Little_Rush_1.jpg,http://www.ymresourcer.com/Birding/Cumberland.php,Not photo of sparrow hawk.
6479,,no,,,,,,,,,http://www.ymresourcer.com/Photos/Cumberland/Harrier-Hawk_African_1.jpg,http://www.ymresourcer.com/Birding/Cumberland.php,Not photo of sparrow hawk.
6480,,no,,,,,,,,,http://farm4.static.flickr.com/3373/3211723077_c8a4c0d725.jpg?v=0,http://www.nafex.net/archive/index.php?t-3936.html,Captive.
6481,,no,,,,,,,,,https://midlandsconservanciesforum.files.wordpress.com/2015/04/cw-3.jpg?w=600&h=451,https://midlandsconservanciesforum.wordpress.com/tag/moths/,Wrong species.
6544,,no,,,,,,,,,http://img1.photographersdirect.com/img/13304/wm/pd3105254.jpg,http://www.photographersdirect.com/stockimages/a/accipiter_melanoleucus.asp,Can't find author.
6545,,no,,,,,,,,,http://www.capebirdclub.org.za/cbc/images/bird-Pelican2abc.jpg,http://www.capebirdclub.org.za/cbc/history-chapter five.html,Wrong species.
6546,,no,,,,,,,,,http://i84.photobucket.com/albums/k29/tazdastokamker/DSCF2074.jpg,http://www.falconryforum.co.uk/showthread.php?t=111621,Captive bird
6547,,no,,,,,,,,,http://www.birdingafrica.com/IMAGES_from_Feb09/CAP_MysteryBuzzard_AK.jpg,http://www.birdingafrica.com/africa_tours/trip_reports/TR_Cape_Hottentot_Oct2013_AK.htm,Wrong species.
6548,,no,,,,,,,,,http://simonthomsett.wildlifedirect.org/files/2009/08/cape-vulture-at-kransberg-south-africa.JPG,http://simonthomsett.wildlifedirect.org/2009/08/24/international-vulture-awareness-day/,Wrong species.
6549,,no,,,,,,,,,http://4.bp.blogspot.com/-6Rx_HZhVLb4/UTMLBupSQnI/AAAAAAAABbY/Xa4sLunzUjQ/s1600/Fisant.jpg,http://cameratrap.mywild.co.za/2013/03/woody-cape-is-wrap.html,Wrong species.
6550,,no,,,,,,,,,http://www.nhptv.org/wild/images/besra.jpg,http://www.nhptv.org/wild/accipitridae.asp,Not south african bird.
6551,,no,,,,,,,,,"http://carolinabirds.org/Daniels/SouthAfrica/PhotosSmall/Buzzard, Jackal EagleEncounters2.jpg",http://carolinabirds.org/HTML/AF_Raptor_Hawk.htm,Wrong species.
6552,,no,,,Juvenile,,,,,,http://www.birdingafrica.com/IMAGES_from_Feb09/BSringedBlackSparrChickAK39.jpg,http://www.birdingafrica.com/black_sparrowhawk.htm,Juv.
6553,,no,,,Adult,,,,,,http://www.sabirdstamps.com/images/Roberts/R168.jpg,http://www.sabirdstamps.com/collection/Roberts 151-200.htm,No.
6554,,no,,,,,,,,,http://www.malamala.com/images/banner-birds.jpg,http://www.malamala.com/wildlife_Species_bird.htm,Wrong species.
,121c,yes,,Dark,Adult,Les Powrie,,-33.867651,18.540640,Urban Garden,,http://www.ispot.org.za/node/197206,GABI - species. Cape Agulhas
6556,,no,,,,,,,,,http://www.philipfry.net/uploads/7/2/9/2/7292441/9045772_orig.jpg,http://www.philipfry.net/birders-blog/birding-goudini-spa-near-worcester,Wrong species.
6557,,no,,,,,,,,,http://www.biodiversityexplorer.org/birds/phalacracoridae/images/40d_2008-10-12_1017_658w.jpg,http://www.biodiversityexplorer.org/birds/phalacracoridae/phalacrocorax_africanus.htm,Wrong species.
,121d,yes,,Dark,Adult,Malcolm Dee,,-26.050131,27.963031,North riding,,http://www.ispot.org.za/node/197206,Location in description
6282,128b,yes,,Dark,Adult,Ann Koeslag,"{""latitude"":-28.6266955,""longitude"":29.11823060000006}",-28.6266955,29.11823060000006,"Charlesworth Dam, South Africa",http://www.cavern.co.za/wp-content/uploads/black-sparrowhawk.jpg,http://www.cavern.co.za/black-sparrowhawk/,Location in description.
6560,,no,,,,,,,,,http://www.sa-venues.com/wildlife/graphics/knysnalourie/1.jpg,http://www.sa-venues.com/wildlife/birds_knysna_lourie.htm,Wrong species.
6561,,no,,,,,,,,,http://img1.photographersdirect.com/img/19309/wm/pd2056894.jpg,http://www.photographersdirect.com/stockimages/m/melanoleucus.asp,Wrong species.
6562,,no,,,,,,,,,http://www.buckhambirding.co.za/wp/wp-content/uploads/2011/02/Yellow-throated-Woodland-warbler.jpg,http://www.buckhambirding.co.za/wp/?page_id=107,Wrong species.
6563,,no,,,Juvenile,,,,,,http://simonthomsett.wildlifedirect.org/files/2012/06/boeingsmall.jpg,http://simonthomsett.wildlifedirect.org/category/raptors/,Juv.
6564,,no,,,,,,,,,http://www.biodiversityexplorer.org/birds/phalacracoridae/images/eos01243_327w.jpg,http://www.biodiversityexplorer.org/birds/phalacracoridae/phalacrocorax_africanus.htm,Wrong species.
,144b,yes,,Dark,Adult,Pikavaai,,-33.978894,18.443631,"Aloe street, newlands",,http://www.ispot.org.za/node/131096,Location in description.
6566,,no,,,,,,,,,http://www.oiseaux-birds.com/dossiers-ornithos-photos/dossier-eperviers-autours/dossier-epervier-autour-aut-gabar-cw.jpg,http://www.oiseaux-birds.com/article-goshawks-sparrowhawks-hawks.html,Wrong species.
6567,,no,,,,Cameron Musgrave,"{""latitude"":-26.952935,""longitude"":28.720890000000054}",-26.952935,28.720890000000054,Lekoa Lodge,http://1.bp.blogspot.com/-8ko_FKeJUU0/UBOGvavgYUI/AAAAAAAAApw/gqJR1ryHhhs/s1600/SAFA+144+(1).JPG,http://kzn-ce.blogspot.com/2012/07/safa-field-meet-2012.html,Captive bird. (121)
,144c,yes,,Dark,Adult,Nikola Schuster,,-34.117584,18.914859,Wedderwill country estate,,http://www.ispot.org.za/node/131097,Location in description.
6569,,no,Female,,Juvenile,,"{""latitude"":-28.5305539,""longitude"":30.895824199999993}",-28.5305539,30.895824199999993,"KZN, South Africa",https://s-media-cache-ak0.pinimg.com/236x/c7/1a/a7/c71aa7a78ee9a7d6b2d08aa207fd8a06.jpg,https://www.pinterest.com/pin/374080312771182878/,Location in description https://www.pinterest.com/pin/294563631849075062/
6570,,no,,,,,,,,,http://www.nhptv.org/wild/images/Northernharrier.jpg,http://www.nhptv.org/wild/accipitridae.asp,Wrong species.
6571,,no,,,,,,,,,http://s2.hubimg.com/u/3761277_f260.jpg,http://tonymac04.hubpages.com/hub/South-Africas-Rainbird-the-lovely-but-nasty-Coucal,Wrong species.
6572,,no,,,,,,,,,http://3.bp.blogspot.com/-CavBDjzq1zI/UxrYmN52aoI/AAAAAAAAAzQ/d85otYdYhog/s1600/bronze+mannikin.jpg,http://olliesbirding.blogspot.com/2014/03/south-africa-november-2013-kruger.html,Wrong species.
6573,,no,,,,,,,,,http://i1264.photobucket.com/albums/jj481/Wafrica/bird book 1-99/060African_Darter_Justnature_zps8c28ae9d.jpg,http://www.sagr.co.za/forum/viewtopic.php?p=3419,Wrong species.
6574,,no,,,,,,,,,https://s-media-cache-ak0.pinimg.com/236x/dc/e6/c4/dce6c456ad234a378d023c327e27d6c6.jpg,https://www.pinterest.com/carjimar/enraptured-with-raptors/,Wrong species.
6575,,no,,,,,,,,,http://www.africanraptors.org/wp-content/uploads/2012/04/south_africa-6039.jpg,http://www.africanraptors.org/interviews-2/,Wrong species.
6576,,no,,,,,,,,,http://farm4.static.flickr.com/3258/3249627829_84d2d1e2ab.jpg?v=0,http://www.falconryforum.co.uk/showthread.php?t=59412,Captive bird.
6577,,no,,,,,,,,,http://www.birdingafrica.com/IMAGES_from_Feb09/CAP_CapeCanary_AK.jpg,http://www.birdingafrica.com/africa_tours/trip_reports/TR_Cape_Hottentot_Oct2013_AK.htm,Wrong species.
6578,,no,,,,,,,,,"http://carolinabirds.org/Daniels/SouthAfrica/PhotosSmall/Goshawk, African EagleEncounters3b.jpg",http://carolinabirds.org/HTML/WLD_Raptor_Hawk2.htm,Wrong species.
6579,,no,,,,,,,,,https://bmjnature.files.wordpress.com/2015/04/fiscal-shrike.jpg,https://bmjnature.wordpress.com/,Wrong species.
6580,,no,,,,,,,,,http://www.fitzpatrick.uct.ac.za/images/raptor_150.jpg,http://www.fitzpatrick.uct.ac.za/docs/arjun.html,GABI - ask arjun.
6581,,no,,,,,,,,,https://s-media-cache-ak0.pinimg.com/236x/9b/68/76/9b68765df78847f817a909b3271a246d.jpg,https://www.pinterest.com/source/africanraptors.org/,Wrong species.
6582,,no,,,,,,,,,http://www.buckhambirding.co.za/wp/wp-content/uploads/2011/04/Yellow-billed-Duck-20110410a1.jpg,http://www.buckhambirding.co.za/wp/?page_id=2253,Wrong species.
6583,,no,,,,,,,,,http://bryndekocks.com/wp-content/uploads/2012/06/malachite-kingfisher.jpg,http://bryndekocks.com/birding/western-cape/,Wrong species.
6584,,no,,,,,,,,,http://tygerberghills.co.za/wordpress/wp-content/uploads/2014/01/bird_hadeda.jpg,http://tygerberghills.co.za/birds/,Wrong species.
6585,,no,,,,,,,,,https://s-media-cache-ak0.pinimg.com/236x/8b/bd/e5/8bbde5b4b68b0b21994568582fc1f4cc.jpg,https://www.pinterest.com/source/africanraptors.org/,Dup ind.
6587,,no,,,,,,,,,http://www.oiseaux-birds.com/dossiers-ornithos-photos/dossier-eperviers-autours/dossier-epervier-autour-aut-sombre-cw1.jpg,http://www.oiseaux-birds.com/article-goshawks-sparrowhawks-hawks.html,Wrong species.
6588,,no,,,,,,,,,"http://carolinabirds.org/Daniels/SouthAfrica/PhotosSmall/Buzzard, Jackal EagleEncounters3.jpg",http://carolinabirds.org/HTML/AF_Raptor_Hawk.htm,Wrong species.
6589,,no,,,,,,,,,https://s-media-cache-ak0.pinimg.com/236x/14/88/f4/1488f4ea83a84d27f6926b33c06afd7f.jpg,https://www.pinterest.com/wildafricalive/addo-elephant-park/,Wrong species.
6590,,no,,,,,,,,,http://www.fitzpatrick.uct.ac.za/images/proj_peregrine.jpg,http://www.fitzpatrick.uct.ac.za/docs/raptor.html,Wrong species.
6591,,no,,,,,,,,,http://img1.photographersdirect.com/img/34272/wm/pd3414577.jpg,http://www.photographersdirect.com/stockimages/m/melanoleucus.asp,Wrong species.
6592,,no,,,,,,,,,http://i1264.photobucket.com/albums/jj481/Wafrica/bird book 1-99/60flutterby2_zps920dd698.jpg,http://www.sagr.co.za/forum/viewtopic.php?p=3419,Wrong species.
6593,,no,,,,,,,,,http://www.southcoasthappenings.co.za/images_index/bird.jpg,http://www.southcoasthappenings.co.za/birding.htm,Wrong species.
6594,,no,,,,,,,,,http://www.rockjumperbirding.com/wp-content/gallery/gallery-tours-highlights-of-africa/Cape-Rockjumper-by-Clayton-Burne.jpg,http://www.rockjumperbirding.com/tourinfo/highlights-of-africa-cape-victoria-falls-serengeti-gorillas?crumb=September 2015,Wrong species.
6595,,no,,,,,,,,,http://photos.safaribookings.com/library/birding/l/Jackal_buzzard.jpg,https://www.safaribookings.com/amakhala/birds,Wrong species.
6596,,no,,,,,,,,,http://4.bp.blogspot.com/-BFS4CDDjFgA/UxrYSEnrbfI/AAAAAAAAAyo/GUMtba8UcNk/s1600/bateleau.jpg,http://olliesbirding.blogspot.com/2014/03/south-africa-november-2013-kruger.html,Wrong species.
6597,,no,,,,,,,,,http://www.capebirdingroute.org/images/CBRBlueCraneCC35kB.jpg,http://www.capebirdingroute.org/Index.htm,Wrong species.
6598,,no,,,,,,,,,https://birdlifepn.files.wordpress.com/2014/08/bot_garden_0002.jpg?w=104&h=150,http://blpn.org/2014/08/05/durban-botanical-gardens-saturday-outing/,Can't see front.
6599,,no,,,,,,,,,http://www.biodiversityexplorer.org/birds/phasianidae/4139851875_fba38cd5a9_327w.jpg,http://www.biodiversityexplorer.org/birds/phasianidae/dendroperdix_sephaena.htm,Wrong species.
6600,,no,,,,,,,,,https://midlandsconservanciesforum.files.wordpress.com/2013/06/yellow-billed-duck-and-ducklings.jpg,https://midlandsconservanciesforum.wordpress.com/category/uncategorized/page/16/,Wrong species.
6601,,no,,,,,,,,,http://howieswildlifeimages.files.wordpress.com/2013/02/17-02-2013_1479_1.jpg,http://howieswildlifeimages.com/2013/02/,Wrong species.
6602,,no,,,,,,,,,http://www.trogontours.net/yahoo_site_admin/assets/images/HX5A0321_copy.263150020_large.jpg,http://www.trogontours.net/galleries/south_africa,Wrong species.
6603,,no,,,,,,,,,http://i1264.photobucket.com/albums/jj481/Wafrica/bird book 100-199/169_nan_zpsbcd9c67c.jpg,http://www.sagr.co.za/forum/viewtopic.php?p=3432,Can't see front.
6604,,no,,,,,,,,,http://ibc.lynxeds.com/files/imagecache/thumb/pictures/1051_Black_Sparrowhawk_Accipiter_melanoleucus_Kakum_National_Park_Ghana_20130121_1_1600_copy.jpg,http://ibc.lynxeds.com/species/black-sparrowhawk-accipiter-melanoleucus,Ghana.
6605,,no,,,,,,,,,https://s-media-cache-ak0.pinimg.com/236x/9b/6c/20/9b6c2043a8b837e40fcae5a7e76b8d7b.jpg,https://www.pinterest.com/geraldine0285/roseberry-topping/,Dup ind.
6606,,no,,,,,,,,,http://howieswildlifeimages.files.wordpress.com/2013/02/17-02-2013_1356_1.jpg,http://howieswildlifeimages.com/2013/02/,Captive bird.
6607,,no,,,,,,,,,https://s-media-cache-ak0.pinimg.com/236x/61/52/90/6152905e4ca8248cd13b568c77f0278e.jpg,https://www.pinterest.com/source/africanraptors.org/,Wrong species.
6608,,no,,,,,,,,,http://2.bp.blogspot.com/-LRIvUJWwN78/T51Q3stbzDI/AAAAAAAAAYE/X4uZCEihm3s/s1600/IMG_0864.JPG,http://birdingwithtrish.blogspot.com/2012_04_01_archive.html,Wrong species.
6609,,no,,,,,,,,,https://faithfuldiscipleship.files.wordpress.com/2009/09/bronze-mannikin.jpg?w=460&h=306,https://faithfuldiscipleship.wordpress.com/2009/10/12/birds-of-south-africa-part-1/,Wrong species.
6610,,no,,,,,,,,,https://faithfuldiscipleship.wordpress.com/files/2009/09/laughing-dove.jpg,https://faithfuldiscipleship.wordpress.com/2009/10/12/birds-of-south-africa-part-1/,Wrong species.
6611,,no,,,,,,,,,http://showme.co.za/paarl/files/2012/01/birds1.jpg,http://showme.co.za/paarl/tourism/paarl-bird-sanctuary-2/,Wrong species.
6612,,no,,,,,,,,,https://s-media-cache-ak0.pinimg.com/236x/1e/33/4d/1e334d54afe4afbebaabd01cc4973757.jpg,https://www.pinterest.com/source/africanraptors.org/,Wrong species.
6613,,no,,,,,,,,,http://birding.krugerpark.co.za/images/best-birding-kruger-intro-steppe-buzzard.jpg,http://birding.krugerpark.co.za/birding-in-kruger-raptor-guide.html,Wrong species.
6614,,no,,,,,,,,,https://farm7.staticflickr.com/6005/6000648749_72db5aaa74.jpg,https://www.flickr.com/photos/willievs/6000648749/,Wrong species.
6615,,no,,,,,,,,,https://s-media-cache-ak0.pinimg.com/236x/7d/13/41/7d134127e75f693821236f8ae7ac8e95.jpg,https://www.pinterest.com/tsjok/roofvogels-genus-accipiter-sparrowhawk/,Wrong species.
6616,,no,,,,,,,,,http://tygerberghills.co.za/wordpress/wp-content/uploads/2014/01/jackal_buzzard-02-119x120.jpg,http://tygerberghills.co.za/birds/,Wrong species.
6617,,no,,,,,,,,,http://www.everglades.co.za/images/Activities/SouthernBouBou.png,http://www.everglades.co.za/Birding.php,Wrong species.
6618,,no,,,,,,,,,https://faithfuldiscipleship.files.wordpress.com/2009/10/pintailed-whydah1.jpg?w=460,https://faithfuldiscipleship.wordpress.com/2009/10/12/birds-of-south-africa-part-1/,Wrong species.
6619,,no,,,,,,,,,http://www.biodiversityexplorer.org/birds/ardeidae/images/eos04477_327w.jpg,http://www.biodiversityexplorer.org/birds/ardeidae/bubulcus_ibis.htm,Wrong species.
6620,,no,,,,,,,,,http://cdn1.arkive.org/media/11/1183AEBA-A0CD-4AEF-8792-AE022D3587E1/Presentation.Large/white-breasted-woodswallow.jpg,http://www.arkive.org/little-sparrowhawk/accipiter-minullus/,Wrong species.
6621,,no,,,,,,,,,https://midlandsconservanciesforum.files.wordpress.com/2013/03/crowned-crane-and-junior.jpg,https://midlandsconservanciesforum.wordpress.com/page/36/,Wrong species.
6622,,no,,,,,,,,,http://www.everglades.co.za/images/Activities/PurpleHeron.png,http://www.everglades.co.za/Birding.php,Wrong species.
6623,,no,,,,,,,,,http://www.trogontours.net/yahoo_site_admin/assets/images/HX5A9988_copy.263145536_large.jpg,http://www.trogontours.net/galleries/south_africa,Wrong species.
6624,,no,,,,,,,,,http://photos.safaribookings.com/library/birding/l/African_goshwak.jpg,https://www.safaribookings.com/amakhala/birds,Wrong species.
6625,,no,,,Juvenile,,,,,,http://farm9.staticflickr.com/8374/8458758156_70ea529c16.jpg,http://www.flickr.com/services/feeds/geo/?format=kml&tags=accipitermelanoleucus&lang=en-us&page=1,Juv.
6626,,no,,,,,,,,,http://4.bp.blogspot.com/-3poZ3vMraOk/UxrX8-wOW-I/AAAAAAAAAyQ/D6TiJQ0n8_0/s1600/A+green+pig.jpg,http://olliesbirding.blogspot.com/2014/03/south-africa-november-2013-kruger.html,Wrong species.
6627,,no,,,,,,,,,http://img1.photographersdirect.com/img/12213/wm/pd2971246.jpg,http://www.photographersdirect.com/stockimages/m/melanoleucus.asp,Wrong species.
6628,,no,,,,,,,,,http://www.birdsofeden.co.za/userfiles/article/birdpics/Rameron_Pigeon_2.jpg,http://www.birdsofeden.co.za/index.php?comp=article&op=view&id=238,Wrong species.
6629,,no,,,,,,,,,http://www.birdingafrica.com/IMAGES_from_Feb09/RSA-WcrestedHelmetShrike_LHunt.JPG,http://www.birdingafrica.com/africa_tours/trip_reports/TR_SAeastern_Hunts_April2013JG.htm,Wrong species.
6630,,no,,,,,,,,,https://s-media-cache-ak0.pinimg.com/236x/42/33/5e/42335ee6b8d92d837effdb7489e2eb33.jpg,https://www.pinterest.com/source/africanraptors.org/,Wrong species.
6631,,no,,,,,,,,,"http://carolinabirds.org/People/SaniTariqueSM/Harrier,_African_Marsh_TariqueSani.jpg",http://carolinabirds.org/HTML/WLD_Raptor_Hawk2.htm,Wrong species.
6632,,no,,,,,,,,,https://open.uct.ac.za/bitstream/handle/11427/7641/thesis_sci_2013_baigrie_sociable_weavers.pdf.jpg?sequence=3,"https://open.uct.ac.za/browse?value=Baigrie,+Bruce&type=author",Wrong species.
,144d,yes,,Dark,Adult,Malcolm Dee,,-34.017567,18.368149,"363, Valley roAd",,http://www.ispot.org.za/node/131098,Location on page.
6634,,no,,,,,,,,,http://www.sabirdstamps.com/images/Roberts/R152.jpg,http://www.sabirdstamps.com/collection/Roberts 151-200.htm,No.
6635,,no,,,,,,,,,http://4.bp.blogspot.com/_zxnmCSWpaVg/TON3TTkx0iI/AAAAAAAAAqQ/JrlF_Yhap4o/s1600/Swartsperwer+2.jpg,http://cameratrap.mywild.co.za/2010/11/sparrowhawks-at-puddle.html,Dup ind.
6636,,no,,,,,,,,,http://www.getbirding.com/wp-content/uploads/2009/09/unknownraptor.jpg,http://www.getbirding.com/?paged=12,Dup ind.
6637,,no,,,,,,,,,http://i380.photobucket.com/albums/oo247/MarkHinSA/Dodgerjan2010.jpg,http://www.falconryforum.co.uk/showthread.php?t=54217&page=54,GABI - email info@wildlifesos.co.za for location
6638,,no,,,,,,,,,http://www.biodiversityexplorer.org/birds/threskiornithidae/images/3767hadedaibis1_327w.jpg,http://www.biodiversityexplorer.org/birds/threskiornithidae/bostrychia_hagedash.htm,Wrong species.
6639,,no,,,,,,,,,https://avocettours.files.wordpress.com/2014/10/pintado-petrel.jpg,https://avocettours.wordpress.com/2014/10/07/south-africa-with-avocet-tours-part-1/,Wrong species.
6640,,no,,,,,,,,,http://www.africanraptors.org/wp-content/uploads/2009/07/clark1-300x199.jpg,http://www.africanraptors.org/page/3/,Wrong species.
6641,,no,,,,,,,,,https://bmjnature.files.wordpress.com/2015/04/fiscal-shrike-2.jpg,https://bmjnature.wordpress.com/,Wrong species.
6642,,no,,,,,,,,,https://khms1.googleapis.com/kh?v=168&hl=en-US&x=151511&y=151119&z=18&token=4717,http://ibc.lynxeds.com/photo/black-sparrowhawk-accipiter-melanoleucus/juvenile-bird,Not photo of bird.
6643,,no,,,,,,,,,http://i188.photobucket.com/albums/z17/virdz/Shortwings/t_micrastur_semitorquatus_ap_s_muda.jpg,http://www.nafex.net/showthread.php?t=457,Captive bird. Can't contact author.
6644,,no,,,,,,,,,http://www.ymresourcer.com/Photos/PigeonValley/Barbet_White-eared_2_Small.jpg,http://www.simplybirding.com/forum/viewtopic.php?f=8&t=16093,Wrong species.
6645,,no,,,,,,,,,http://www.birdforum.net/opus/images/thumb/1/17/Black_Goshawk.jpg/550px-Black_Goshawk.jpg,http://www.birdforum.net/opus/Black_Sparrowhawk,Kenya'n bird.
6646,,no,,,,,,,,,http://i.ytimg.com/vi/pxwUWXd_Uuc/hqdefault.jpg,http://www.youtube.com/watch?v=pxwUWXd_Uuc,Dup ind.
6647,,no,,,,,,,,,http://www.buckhambirding.co.za/wp/wp-content/uploads/2011/02/Narina-Trogon1.jpg,http://www.buckhambirding.co.za/wp/?page_id=107,Wrong species.
6649,,no,,,,,,,,,http://www.falconmews.com/images/FM_Gos_MaleBlack-Spar.jpg,http://www.falconmews.com/goshawks.html,"Captive bird, bred in captivity."
6650,,no,,,,David Monticelli,"{""latitude"":8.460555,""longitude"":-11.779889000000026}",8.460555,-11.779889000000026,Sierra Leone,http://m9.i.pbase.com/o4/41/943541/1/130455579.2bosxmp5.lastimagesforupload_SL_V1F5456.jpg,http://www.pbase.com/image/130455579,Wrong country.
,144e,yes,,Dark,Adult,Les prowrie,,-33.860434,18.538817,"Bothasig,45 Durban street",,http://www.ispot.org.za/node/131099,Location on page.
,144f,yes,,Light,Adult,Tony rebelo,,-34.055055,18.434822,Tokai Park upper canal block A14c,,http://www.ispot.org.za/node/131100,Location in description
,144g,yes,,Light,Adult,Colin Ralston,,-33.947755,22.463349,Garden Route Botanical Gardens,,http://www.ispot.org.za/node/131101,Perched in tree - colour ringed by Ann - I have contacted the poster for details (Arjun)
6654,,no,,,,,,,,,http://bryndekocks.com/wp-content/uploads/2012/09/Black-Sparrowhawk-Portrait.jpg,http://bryndekocks.com/blog/the-search-for-the-mysterious-eagle/,Dup ind.
6655,,no,,,,,,,,,http://www.pentaxforums.com/forums/attachments/122-lens-clubs/192093d1382384202-300mm-plus-lens-club-discuss-your-long-lenses-black-sparrowhawk-1.jpg,http://www.pentaxforums.com/forums/122-lens-clubs/55946-300mm-plus-lens-club-discuss-your-long-lenses-631.html,Location unknown
6656,,no,,,,Bryn de Kocks,,,,,http://bryndekocks.com/wp-content/uploads/2012/09/Dark-Morph-Black-Sparrowhawk.jpg,http://bryndekocks.com/blog/the-search-for-the-mysterious-eagle/,Dup ind.
6657,,no,,,Juvenile,,,,,,http://www.outdoorphoto.community/gallery/data/523/BlackSparrowhawk_Juvenile_Pretoria_MG_9477.jpg,http://www.outdoorphoto.community/gallery/showphoto.php?photo=285711,Juv.
6658,,no,,,,,,,,,http://bryndekocks.com/wp-content/uploads/2012/09/Black-Sparrowhawk-in-Flight.jpg,http://bryndekocks.com/blog/the-search-for-the-mysterious-eagle/,Dup ind.
6659,,no,,,,Bryn de Kocks,,,,,https://c1.staticflickr.com/9/8297/7970075166_1e9b07a6fc.jpg,https://www.flickr.com/photos/xmesox/7970075166/,Dup ind.
6733,,no,,,,,,,,,https://blackspar1.files.wordpress.com/2011/07/eyes-bg.jpg,https://blackspar1.wordpress.com/about/,Unknown location.
,174a,yes,,Light,Adult,Dirk Laine,,-26.069473,27.955671,Golden Harvest,,http://www.laine-dirk.co.za/photos/158/158.html,
6735,,no,,,,,,,,,http://www.golden-eagle.org/images/SPAR2.JPG,http://www.golden-eagle.org/blckspar.htm,Captive bird.
6736,,no,,,,,,,,,http://www.falconmews.com/images/FM_Gos_Black-Spar_GosHybrid.jpg,http://www.falconmews.com/goshawks.html,"Hybrid, also juv."
6737,,no,,Light,Adult,,,,,,http://www.pentaxforums.com/forums/attachments/122-lens-clubs/192094d1382384202-300mm-plus-lens-club-discuss-your-long-lenses-black-sparrowhawk-2.jpg,http://www.pentaxforums.com/forums/122-lens-clubs/55946-300mm-plus-lens-club-discuss-your-long-lenses-631.html,Dup ind.
,174b,yes,,Light,Adult,Dirk Laine,,-26.123430,28.008358,Delta Park,,http://www.laine-dirk.co.za/photos/158/158.html,
6739,,no,,,,,,,,,http://www.warwicktarboton.co.za/images/BIRD jpgs/resized/158-Black-Sparrowhawk-WTa.jpg,http://www.warwicktarboton.co.za/birdpgs/158BSHwk.html,Dup ind.
6740,,no,,,,,,,,,http://simonthomsett.wildlifedirect.org/files/2008/08/black-sparrowhawk.JPG,http://simonthomsett.wildlifedirect.org/about-us/,Wrong species or juvenile.
,174c,yes,,Light,Adult,Dirk Laine,,-26.069473,27.955671,Golden Harvest,,http://www.laine-dirk.co.za/photos/158/158.html, only the back was visible
,188b,yes,,Light,Adult,Henry,,-33.904114,18.569239,Tygerberg,,http://cameratrap.mywild.co.za/2010/11/sparrowhawks-at-puddle.html,
6743,,no,,Dark,Adult,Bryn de Kocks,"{""latitude"":-34.0362876702575,""longitude"":18.871354393678985}",-34.0362876702575,18.871354393678985,Heldeberg Nature Reserve,http://bryndekocks.com/wp-content/uploads/2012/09/Black-Sparrowhawk1.jpg,http://imgkid.com/sparrowhawk-in-flight.shtml,Dup ind.
6744,,no,,Light,Adult,Lars Petersson,"{""latitude"":5.416667,""longitude"":-1.3166670000000522}",5.416667,-1.3166670000000522,"Kakum national park, ghana","http://www.larsfoto.se/images/large/1051_Black Sparrowhawk_Accipiter melanoleucus_Kakum National Park, Ghana_20130121_1_600.jpg",http://www.larsfoto.se/en/gallery/bird-images-from-foreign-trips/ghana/6407-black-sparrowhawk,Location in desc
6745,,no,,Light,Adult,Adam Scott Kennedy and Vicki Kennedy,"{""latitude"":-1.0806,""longitude"":29.661399999999958}",-1.0806,29.661399999999958,"Bwindi Impenetrable Forest National Park, Uganda","http://www.rawnaturephoto.com/ImageLibrary/var/resizes/Birds/Accipitridae-(Vultures,-Eagles,-Harriers,-Buzzards-etc)/Accipiters-(Sparrowhawks-etc)/Little-Sparrowhawk-4865-2087360932.jpg?m=1338930685",http://www.rawnaturephoto.com/ImageLibrary/index.php/Birds/Accipitridae-Vultures-Eagles-Harriers-Buzzards-etc/Accipiters-Sparrowhawks-etc/Great-Sparrowhawk-6978,(images 4 and 5) also black sparrowhawk in image 1
6746,,no,,Light,Adult,David J Ringer,"{""latitude"":-1.2920659,""longitude"":36.82194619999996}",-1.2920659,36.82194619999996,"Nairobi, Kenya",http://djringer.com/photos/d/6486-2/black-sparrowhawk-accipiter-melanoleucus.jpg,http://djringer.com/birding/2009/06/28/black-sparrowhawk/,Location in description.
6747,,no,,Light,Adult,Ron Hartley,"{""latitude"":-19.015438,""longitude"":29.154856999999993}",-19.015438,29.154856999999993,Zimbabwe,http://gallery.globalraptors.org/main.php?g2_view=core.DownloadItem&g2_itemId=607&g2_serialNumber=4,http://gallery.globalraptors.org/main.php/v/Accipiter_melanoleucus/,Location in description.
6748,,no,,Light,Juvenile,Ben Golding,"{""latitude"":7.446786,""longitude"":3.8962040000000115}",7.446786,3.8962040000000115,Zoological Garden University of Ibadan Nigeria,http://www.bobgolding.co.uk/Zoological-Garden-University-of-Ibadan-Nigeria/Birds-Photo-Gallery/images/003black_sp_hawk.aspx,http://www.bobgolding.co.uk/Zoological-Garden-University-of-Ibadan-Nigeria/Birds-Photo-Gallery.aspx,Juv.
6749,,no,,Light,Adult,Tom Tarrent,"{""latitude"":-0.983545,""longitude"":29.617391999999995}",-0.983545,29.617391999999995,"Mosese, Bwindi NP, Uganda",http://beautyofbirds.com/images/birds/birdsofprey/BlackGoshawk.jpg,http://beautyofbirds.com/blackgoshawks.html,Location in description.
6750,,no,,Light,Adult,Lars Peterson,"{""latitude"":4.166666999999999,""longitude"":9.233333000000016}",4.166666999999999,9.233333000000016,"Buea, Cameroon","http://www.larsfoto.se/images/large/1051_Black Sparrowhawk_Accipiter melanoleucus_Buea, Cameroon_20120302_1_600.jpg",http://www.larsfoto.se/en/gallery/bird-images-from-foreign-trips/cameroon/3964-black-sparrowhawk,Location in url and description.
6751,,no,,Dark,Adult,,,,,,http://www.falconry.ca/images/blacksparrowhawk-female1.jpg,http://www.falconry.ca/pages/blacksparrowhawk female1.html,Captive bird.
6752,,no,,Dark,Adult,Ann Koeslag,,,,,https://blackspar1.files.wordpress.com/2011/07/morphs-2-bg.jpg,https://blackspar1.wordpress.com/about/,Dup ind.
,188c,yes,,Dark,Adult,Henry,,-33.904114,18.569239,Tygerberg,,http://cameratrap.mywild.co.za/2010/11/sparrowhawks-at-puddle.html,
6756,,no,,Light,Adult,Warwick Tarboton,"{""latitude"":-24.64513,""longitude"":28.684810999999968}",-24.64513,28.684810999999968,Nylsvley Area,http://www.warwicktarboton.co.za/images/BIRD jpgs/resized/158 Black Sparrowhawk WT09928.jpg,http://www.warwicktarboton.co.za/birdpgs/158BSHwk.html,(Bird on left) Dup ind.
,190a,yes,,Light,Adult,Colin Williams,,-26.946670,29.247063,Standerton,,http://www.flickr.com/photos/54757338%40N02/galleries/72157627336575741/,
6758,,no,,,,,,,,,http://www.buckhambirding.co.za/wp/wp-content/uploads/2011/02/Jackal-Buzzard.jpg,http://www.buckhambirding.co.za/wp/?page_id=224,Wrong species.
,244a,yes,,Dark,Adult,Trevor and Margaret Hardaker,,-34.058031,18.870002,Helderberg Nature Reserve,,http://hardakerwildlife.wordpress.com/page/8/,
6760,,no,,Dark,Adult,Dave Curtis,"{""latitude"":-0.023559,""longitude"":37.90619300000003}",-0.023559,37.90619300000003,Kenya,http://www.taenos.com/img/ITIS/Accipiter-melanoleucus/Black-Sparrowhawk-5.jpg,http://www.taenos.com/en/itis/black-sparrowhawk/Accipiter melanoleucus/,Location in description
6761,,no,,Light,Adult,Simon Thomsett,"{""latitude"":-0.023559,""longitude"":37.90619300000003}",-0.023559,37.90619300000003,Kenya,http://simonthomsett.wildlifedirect.org/files/2008/08/quasi1.jpg,http://simonthomsett.wildlifedirect.org/category/black-sparrowhawk/,Location on website http://simonthomsett.wildlifedirect.org/author/simonthomsett/
6762,,no,,Dark,Adult,Buckham Birding,"{""latitude"":-33.733556,""longitude"":18.932395000000042}",-33.733556,18.932395000000042,Paarl Mountain,http://www.buckhambirding.co.za/wp/wp-content/uploads/2011/10/Black-Sparrowhawk-20111002a.jpg,http://www.buckhambirding.co.za/wp/?page_id=1188,Dup ind.
,244b,yes,,Light,Adult,Trevor and Margaret Hardaker,,-33.995708,18.454692,Strandfontein Sewage works,,http://hardakerwildlife.wordpress.com/page/8/,
,47B,yes,,Dark,Adult,Ann Koeslag,,-34.107369,18.403179,Cape Peninsula,,http://blackspar1.files.wordpress.com/2011/09/mating-bg.jpg,
6765,,no,,,Adult,Goshawklife,,,,,http://www.goshawklife.com/wp-content/uploads/sites/6/2013/04/black-sparrowhawk-x-goshawk-1-goshawklife.jpg,http://www.goshawklife.com/ja/gavilan-negro-2/black-sparrowhawk-x-goshawk-1-goshawklife/,Hybrid bird.
6766,,no,,,Adult,goshawklife,,,,,http://www.goshawklife.com/wp-content/uploads/sites/6/2013/04/black-sparrowhawk-x-goshawk-2-goshawklife.com_.jpg,http://www.goshawklife.com/ja/gavilan-negro-2/black-sparrowhawk-x-goshawk-2-goshawklife-com/,HYBRID bird.
,47C,yes,,Dark,Adult,Ann Koeslag,,-34.107369,18.403179,Cape Peninsula,,http://blackspar1.files.wordpress.com/2011/09/young-Adults-bg2.jpg,Arjun contacted Will George
6768,,no,,,Juvenile,,"{""latitude"":-24.70001218404351,""longitude"":28.399875277280785}",-24.70001218404351,28.399875277280785,,http://www.buckhambirding.co.za/wp/wp-content/uploads/2011/10/Black-Sparrowhawk-chicks-20111002.jpg,http://www.buckhambirding.co.za/wp/?page_id=1188,Ind.
6769,,no,,,,,,,,,http://www.goshawklife.com/wp-content/uploads/sites/6/2013/04/black-sparrowhawk-gavilan-negro-goshawklife.com_.jpg,http://www.goshawklife.com/gavilan-negro-2/black-sparrowhawk-gavilan-negro-goshawklife-com/,Captive bird.
6770,,no,,,,,,,,,http://cdn1.arkive.org/media/37/377BDD93-86BA-45FA-A194-798D8F0D75A9/Presentation.Large/Eurasian-sparrowhawk-with-northern-lapwing-prey.jpg,http://www.arkive.org/eurasian-sparrowhawk/accipiter-nisus/image-G41654.html,Wrong species.
6771,,no,,,,,,,,,http://i654.photobucket.com/albums/uu267/black-sparrowhawk/DSC02430.jpg?t=1244121408,http://www.falconryforum.co.uk/showthread.php?t=59412&page=12,Dup ind.
6772,,no,,,,,,,,,http://www10.clikpic.com/nbygrave/images/_MG_7493_copy_1.jpg,http://www.naturelens.co.uk/section537596_241736.html,Can't see front.
6773,,no,,,Juvenile,,,,,,http://simonthomsett.wildlifedirect.org/files/2012/06/fidgetsmall.jpg,http://simonthomsett.wildlifedirect.org/category/black-sparrowhawk/,Juv.
6774,,no,,,,,,,,,http://bryndekocks.com/wp-content/uploads/2013/03/black-sparrowhawk.jpg,http://bryndekocks.com/blog/a-day-out-part-2-helderberg-nature-reserve/,Wrong species.
6775,,no,,,,,,,,,http://ssugiya.cocolog-nifty.com/blog/images/dsc7829.jpg,http://ssugiya.cocolog-nifty.com/blog/2007/02/post_b539.html,Captive bird.
6776,,no,,,,,,,,,http://www.goshawklife.com/wp-content/uploads/sites/6/2013/06/black-sparrowhawk-female-1-goshawklife.com_.jpg,http://www.goshawklife.com/2013/06/27/gavilan-negro/,Dup ind.
6777,,no,,,,,,,,,https://midlandsconservanciesforum.files.wordpress.com/2013/12/boston-birds_5531_giant-kingfisher_fem.jpg,https://midlandsconservanciesforum.wordpress.com/2013/12/04/,Wrong species.
6778,,no,,,,,,,,,http://i188.photobucket.com/albums/z17/virdz/Shortwings/A-bicolor.jpg,http://www.nafex.net/showthread.php?t=457,Wrong species or juv.
6779,,no,,,,,,,,,http://legendarysurfers.com/naw/blog/uploaded_images/catlin_blackhawk1832-756179.jpg,http://native-way.blogspot.com/2006/04/black-sparrow-hawk.html,Painting.
6780,,no,,,,,,,,,https://africanartbirdsetc.files.wordpress.com/2013/02/black-goshawk.jpg,https://africanartbirdsetc.wordpress.com/2013/02/05/raptors/,Drawing.
6781,,no,,,Juvenile,,,,,,http://barlow.me.uk/images/Sparrowhawk5_filtered.jpg,http://barlow.me.uk/miscellaneous.html,Wrong species.
6782,,no,,,,,,,,,http://angellpets.com/wp-content/uploads/2012/07/Falconry-experience.jpg,http://angellpets.com/falconry-experiences/,Captive bird
6783,,no,,,,,"{""latitude"":53.41291,""longitude"":-8.243889999999965}",53.41291,-8.243889999999965,Ireland,http://s2.thejournal.ie/media/2013/09/sparrowhawk-630x472.jpg,http://raptorpolitics.org.uk/2013/09/28/more-grim-news-from-ireland-sparrowhawk-shot-found-hanging-from-gate-post/,Wrong species.
6784,,no,,,Juvenile,,,,,,http://media.trevorsbirding.com/wp-content/uploads/2008/01/sparrowhawk_collared_juvenile_20080124_003.jpg,http://trevorsbirding.com/great-birding-moments-33-collared-sparrowhawk/,Juv.
6785,,no,,,Juvenile,,,,,,http://photocamel.com/gallery/data/6282/Collared_Sparrowhawk_011.jpg,http://photography-on-the.net/forum/showthread.php?t=1159331,Juv or wrong species.
6786,,no,,,Juvenile,,,,,,http://i654.photobucket.com/albums/uu267/black-sparrowhawk/DSC02217.jpg?t=1244122483,http://www.falconryforum.co.uk/showthread.php?t=59412&page=13,Juv.
6787,,no,,,Juvenile,,,,,,http://broomebirdobservatory.com/wp-content/uploads/Collared-Sparrowhawk.jpg,http://broomebirdobservatory.com/archives/303,Juv or wrong species.
6788,,no,,,,,,,,,http://www.goshawklife.com/wp-content/uploads/sites/6/2013/04/black-sparrowhawk-x-goshawk-female-2-goshawklife.jpg,http://www.goshawklife.com/gavilan-negro-2/black-sparrowhawk-x-goshawk-female-2-goshawklife/,Dup ind.
6789,,no,,,,,,,,,http://images.fineartamerica.com/images-medium-large-5/male-sparrowhawk-paul-scoullar.jpg,http://fineartamerica.com/featured/male-sparrowhawk-paul-scoullar.html,Wrong species.
6790,,no,,,,,,,,,http://www.planetofbirds.com/Master/ACCIPITRIFORMES/Accipitridae/pics/Little Sparrowhawk.jpg,http://www.planetofbirds.com/accipitriformes-accipitridae-little-sparrowhawk-accipiter-minullus,Wrong species.
6791,,no,,,,,,,,,https://midlandsconservanciesforum.files.wordpress.com/2014/11/boston_1878_0788_bokmakierie.jpg,https://midlandsconservanciesforum.wordpress.com/2014/11/06/,Wrong species.
6792,,no,,,Juvenile,,,,,,http://www.zeekoevlei.co.za/wp-content/uploads/2014/08/Black-Sparrowhawk-Juv-flying.jpg,http://www.zeekoevlei.co.za/2014/08/black-sparrowhawk-youngster/,Juv.
6793,,no,,,Juvenile,,,,,,http://www.zeekoevlei.co.za/wp-content/uploads/2014/08/Black-Sparrowhawk-Juv.jpg,http://www.zeekoevlei.co.za/2014/08/black-sparrowhawk-youngster/,Juv.
6794,,no,,,Juvenile,,,,,,http://350.birdingafrica.com/wp-content/uploads/gravity_forms/2/2009/10/Predator.JPG,http://350.birdingafrica.com/photographers/,Juv.
6795,,no,,,,,,,,,http://cdn2.arkive.org/media/FF/FF164454-229F-4D10-B6C5-C3275F300E12/Presentation.Large/Eurasian-sparrowhawk-perched-on-branch.jpg,http://www.arkive.org/black-goshawk/accipiter-melanoleucus/,Wrong species.
6796,,no,,,Juvenile,,,,,,http://www.drumnadrochit.info/images/readerspix/jj-sparrowhawk.jpg,http://www.drumnadrochit.info/drumnadrochit-photographs.html,Juv.
,47D,yes,,Light,Adult,Ann Koeslag,,-34.107369,18.403179,Cape Peninsula,,http://blackspar1.files.wordpress.com/2011/07/morphs-2-bg.jpg,
6815,,no,,,,,,,,,http://birdlifepn.files.wordpress.com/2014/07/black-sparrowhawk-1.jpg?w=900,http://blpn.org/2014/07/17/finfoot-loop/black-sparrowhawk-1/,Dup ind.
6816,,no,,,,,,,,,http://ww2.valdosta.edu/~bergstrm/gabarblack.jpg,http://www.birdforum.net/showthread.php?t=242289,Wrong country.
6817,,no,,,,,,,,,http://birdlifepn.files.wordpress.com/2014/07/black-sparrowhawk.jpg,http://blpn.org/2014/07/17/finfoot-loop/black-sparrowhawk/,Dup ind.
6818,,no,,,,,,,,,http://www.stephenburch.com/oxonpics/Sparrowhawk Home 26 Apr 08sm.jpg,http://www.stephenburch.com/oxonpics/spring08.htm,Wrong species.
6819,,no,,,,,,,,,http://bryndekocks.com/wp-content/uploads/2012/06/lesser-double-collared-sunbird-351x185.jpg,http://bryndekocks.com/tag/black-sparrowhawk/,Wrong Species.
6820,,no,,,,,,,,,http://www.wildaboutgardens.org.uk/img/wildlife/birds/large/sparrowhawk.jpg,http://www.wildaboutgardens.org.uk/wildlife/birds/sparrowhawk.aspx,Wrong species.
6821,,no,,,,,,,,,http://cdn1.arkive.org/media/01/0155AFB5-CD3B-4748-BFCE-6CC8F3CB08D2/Presentation.Large/Levant-sparrowhawk-being-held-for-identification.jpg,http://www.arkive.org/levant-sparrowhawk/accipiter-brevipes/image-G42175.html,Wrong species.
6822,,no,,,,,,,,,http://jeanene.steeman.org/Images/Happy-Falconer.jpg,http://jeanene.steeman.org/Falconry-News.aspx,"Captive bird, dup ind."
6823,,no,,,,,,,,,http://bryndekocks.com/wp-content/uploads/2012/10/IMG_9079.jpg,http://bryndekocks.com/blog/birding-in-the-helderberg-20-october-2012/,Dup ind.
6824,,no,,,,,,,,,http://www.goshawklife.com/wp-content/uploads/sites/6/2013/04/black-sparrowhawk-x-gos-2-goshawklife.jpg,http://www.goshawklife.com/gavilan-negro-2/black-sparrowhawk-x-gos-2-goshawklife/,Dup ind.
6825,,no,,,,,,,,,https://blackspar1.files.wordpress.com/2012/04/cf-f-2013-a1.jpg,https://blackspar1.wordpress.com/retrievals/,Dup ind.
6826,,no,,,,,"{""latitude"":-0.023559,""longitude"":37.90619300000003}",-0.023559,37.90619300000003,Kenya,http://photos1.blogger.com/img/105/2048/640/Gitau with GRSP D2729 wing.jpg,http://gdfair.blogspot.com/,Kenyan bird.
6827,,no,,,,,,,,,"http://carolinabirds.org/People/WhiteIanSM/Sparrowhawk,_Black_IanWhite.jpg",http://carolinabirds.org/HTML/AF_Raptor_Hawk.htm,Wrong species.
6828,,no,,,,,,,,,http://simonthomsett.wildlifedirect.org/files/2012/06/davesmall.jpg,http://simonthomsett.wildlifedirect.org/category/black-sparrowhawk/,Wrong species.
6829,,no,,,,,,,,,http://www.falconry.pwp.blueyonder.co.uk/images/Beth 1.jpg,http://www.falconry.pwp.blueyonder.co.uk/hawks-and-hawking.html,Wrong species.
6830,,no,,,,,,,,,http://www.eishsa.co.za/minisites/images/DRK-drakensberg2.jpg,http://www.eishsa.co.za/minisites/drakensberg.html,Not photo of bird.
6831,,no,,,Juvenile,,,,,,https://opengardensconstantia.files.wordpress.com/2014/10/sparrow-hawk-chick.jpg,https://opengardensconstantia.wordpress.com/tag/black-sparrow-hawk-research-project/,Juv.
6832,,no,,,,,,,,,"http://thumb7.shutterstock.com/display_pic_with_logo/671353/671353,1296810858,1/stock-photo-black-sparrowhawk-with-prey-70467166.jpg",http://www.shutterstock.com/cat.mhtml?safesearch=1&search_language=en&search_type=similar&similar_photo_id=98945390&tracking_id=HKpeMpcm1OPrkMlEJTMpGQ,Wrong species.
6833,,no,,,,,,,,,"http://www.rawnaturephoto.com/ImageLibrary/var/resizes/Birds/Accipitridae-(Vultures,-Eagles,-Harriers,-Buzzards-etc)/Accipiters-(Sparrowhawks-etc)/Great-Sparrowhawk-6978.jpg?m=1338930662",http://www.rawnaturephoto.com/ImageLibrary/index.php/Birds/Accipitridae-Vultures-Eagles-Harriers-Buzzards-etc/Accipiters-Sparrowhawks-etc/Great-Sparrowhawk-6978,Kenya.
6834,,no,,,,,,,,,"http://www.rawnaturephoto.com/ImageLibrary/var/resizes/Birds/Accipitridae-(Vultures,-Eagles,-Harriers,-Buzzards-etc)/Accipiters-(Sparrowhawks-etc)/GreatSparrowhawk2044.jpg?m=1340711027",http://www.rawnaturephoto.com/ImageLibrary/index.php/Birds/Accipitridae-Vultures-Eagles-Harriers-Buzzards-etc/Accipiters-Sparrowhawks-etc/Great-Sparrowhawk-6978,Kenya
,47E,yes,,Dark,Adult,Ann Koeslag,,-34.107369,18.403179,Cape Peninsula,,http://blackspar1.files.wordpress.com/2011/07/morphs-2-bg.jpg,
,55C,yes,,Dark,Adult,Mike Buckham,,-33.741849,18.960981,Paarl Mountain,,http://www.buckhambirding.co.za/wp/wp-content/uploAds/2011/03/Black-Sparrowhawk-20110710.jpg,
,55D,yes,,Light,Adult,Mike Buckham,,-27.353343,30.144138,Wakkerstroom,,http://www.buckhambirding.co.za/wp/wp-content/uploAds/2011/03/Black-Sparrowhawk-20070320.jpg,
,94a,yes,,Light,Adult,KL Clarke,,-34.103755,18.377248,"Ashton Grove, Noordhoek ",,http://www.flickr.com/photos/klclarke/3287057642/in/photostream/,3.21
6200,,yes,,Dark,Adult,Oggmus,"{""latitude"":-34.205,""longitude"":18.403999999999996}",-34.205,18.403999999999996,"Cape Peninsula, Cape Town, Western Cape, South Africa",http://upload.wikimedia.org/wikipedia/commons/thumb/c/c3/Black_Sparrowhawk_black_morph_3_x.jpg/340px-Black_Sparrowhawk_black_morph_3_x.jpg,http://en.wikipedia.org/wiki/Black_sparrowhawk,
6209,,yes,,Dark,Adult,Deirdre Vrancken & Callan Cohen,"{""latitude"":-33.983977,""longitude"":18.45835999999997}",-33.983977,18.45835999999997,Birding Africa office garden,http://www.birdingafrica.com/IMAGES_from_Feb09/PLBlackSparAdultJuly09DV.jpg,http://www.birdingafrica.com/black_sparrowhawk_nest.htm,7.59
6215,,yes,,Dark,Adult,Oggmus,"{""latitude"":-34.205,""longitude"":18.403999999999996}",-34.205,18.403999999999996,"Cape Peninsula, Cape Town, Western Cape, South Africa",http://upload.wikimedia.org/wikipedia/commons/thumb/5/58/Black_Sparrowhawk_in_flight_x.jpg/200px-Black_Sparrowhawk_in_flight_x.jpg,http://en.wikipedia.org/wiki/Black_sparrowhawk,
6223,,yes,,Dark,Adult,Per Holmen,"{""latitude"":-33.371905,""longitude"":21.624337999999966}",-33.371905,21.624337999999966,"De Hel, South Africa",http://www.pers-birding-pages.com/www.pers-birding-pages.com/Black_Sparrowhawk_files/158 Black Sparrowhawk NX.jpg,http://www.pers-birding-pages.com/www.pers-birding-pages.com/Black_Sparrowhawk.html,
6236,,yes,,Dark,Adult,Umdoni Retirement Village,"{""latitude"":-30.381048,""longitude"":30.679257000000007}",-30.381048,30.679257000000007,Umdoni Retirement Village,http://www.ispotnature.org/sites/default/files/imagecache/preview/images/42618/e5e9320307e33adbc5aed0bad15ec3bf.jpg?nav=related,http://www.ispotnature.org/node/638137,
6238,,yes,,Dark,Adult,Per Holman,"{""latitude"":-34.0625,""longitude"":18.441667000000052}",-34.0625,18.441667000000052,"Tokai Plantation, South Africa",http://www.pers-birding-pages.com/www.pers-birding-pages.com/Black_Sparrowhawk_files/158 Black Sparrowhawk TIFF.jpg,http://www.pers-birding-pages.com/www.pers-birding-pages.com/Black_Sparrowhawk.html,
6245,,yes,,Dark,Adult,Bryn De Kocks,"{""latitude"":-34.083333,""longitude"":18.850000000000023}",-34.083333,18.850000000000023,"Somerset West, Cape Town, Western Cape, South Africa",http://www.outdoorphoto.community/gallery/data/523/thumbs/Black-Sparr.jpg,http://www.outdoorphoto.community/gallery/showphoto.php?photo=319274&title=black-sparrowhawk&cat=500,
6285,,yes,,Dark,Adult,Brigid Jackson,"{""latitude"":-34.0947539,""longitude"":18.394966100000033}",-34.0947539,18.394966100000033,South Peninsula Hardware and Tool in Noordhoek,https://bmjnature.files.wordpress.com/2015/03/dsc_0083.jpg,https://bmjnature.wordpress.com/,In flight
6308,,yes,,Dark,Adult,DAUD,"{""latitude"":-34.0633902,""longitude"":18.510698700000034}",-34.0633902,18.510698700000034,Grassy Park,http://www.ispotnature.org/sites/default/files/imagecache/scaled/images/42599/587fc24e18409f3066f1306d16737338.jpg,http://www.ispotnature.org/species-dictionaries/sanbi/Accipiter melanoleucus subsp. melanoleucus,
6317,,yes,Male,Dark,Adult,Gigi,"{""latitude"":-33.987501,""longitude"":18.432722000000012}",-33.987501,18.432722000000012,Kirstenbosch Research Centre,http://www.ispotnature.org/sites/default/files/imagecache/preview/images/40568/b49d6cd388fe27d8065fb9f398317382.jpg?nav=related,http://www.ispotnature.org/node/479943,Ringing
6387,,yes,,Dark,Adult,Keith Offord,"{""latitude"":-34.0625,""longitude"":18.441667000000052}",-34.0625,18.441667000000052,Tokai Plantation,http://www.afton.co.za/images/fish-7.jpg,http://www.afton.co.za/birding-article.htm,
6393,,yes,,Dark,Adult,Trevor Hardaker,"{""latitude"":-34.0580309,""longitude"":18.870002399999976}",-34.0580309,18.870002399999976,Helderberg Nature Reserve,http://www.hardaker.co.za/2013/3446blacksparrowhawk3.jpg,http://www.hardaker.co.za/blacksparrowhawk1.htm,ringed
6401,,yes,,Dark,Adult,aleferink,"{""latitude"":-34.0581252,""longitude"":18.498796800000036}",-34.0581252,18.498796800000036,Fishermans Walk,http://www.ispotnature.org/sites/default/files/imagecache/preview/images/42187/338ac702b03d3decff14ee2b74ace298.jpg?nav=related,http://www.ispotnature.org/node/508578,
6429,,yes,,Dark,Adult,Phil Woollen,"{""latitude"":-34.1403117,""longitude"":18.329195099999993}",-34.1403117,18.329195099999993,Kommetjie,http://2.bp.blogspot.com/_74zBQ3ZRUBI/SjtpRAfcSnI/AAAAAAAACDw/MMf2Vmmc5Ug/s400/Black+Sparrowhawk.jpg,http://wirralbirders.blogspot.com/2009_06_01_archive.html,Perched in gum
6558,,yes,,Dark,Adult,Bryn de kocks,"{""latitude"":-34.0630923,""longitude"":18.88040049999995}",-34.0630923,18.88040049999995,Erinvale,http://bryndekocks.com/wp-content/uploads/2012/09/Black-Sparrohawk1.jpg,http://bryndekocks.com/blog/a-weekend-of-raptors/,Location in description
6633,,yes,,Dark,Adult,,"{""latitude"":-34.822222,""longitude"":20.016666999999984}",-34.822222,20.016666999999984,"Agulhas, Western Cape, South Africa",http://www.getbirding.com/wp-content/uploads/2009/09/unknownraptor1.jpg,http://www.getbirding.com/?paged=12,From prev study
6653,,yes,,Dark,Adult,Gideon Malherbe,"{""latitude"":-33.724167,""longitude"":18.955832999999984}",-33.724167,18.955832999999984,Somewhere near paarl,http://www.outdoorphoto.community/gallery/data/523/MG_9589_-1.jpg,http://www.outdoorphoto.community/gallery/showphoto.php?photo=88483,
6734,,yes,,Dark,Adult,Trevor and Margaret Hardaker,"{""latitude"":-34.0319444,""longitude"":18.876388899999938}",-34.0319444,18.876388899999938,Helderberg,https://hardakerwildlife.files.wordpress.com/2012/10/164-20120908helderberg-blacksparrowhawk.jpg,https://hardakerwildlife.wordpress.com/page/8/,Location in description.
6738,,yes,,Dark,Adult,Buck Hambirding,"{""latitude"":-33.733556,""longitude"":18.932395000000042}",-33.733556,18.932395000000042,"Paarl Mountain Local Nature Reserve, Paarl, Western Cape, South Africa",http://www.buckhambirding.co.za/wp/wp-content/uploads/2011/03/Black-Sparrowhawk-20110710.jpg,http://www.buckhambirding.co.za/wp/?page_id=1188,(ann-koeslag left image from comparison on http://www.africanraptors.org/interview-with-ann-koeslag-about-the-black-sparrowhawk-of-the-cape-peninsula-in-south-africa/)
6741,,yes,Female,Dark,Adult,Blackspar1.,"{""latitude"":-34.0071128,""longitude"":18.413466800000037}",-34.0071128,18.413466800000037,"Cecilia Forest Hiking Trail, Cape Town, South Africa",https://blackspar1.files.wordpress.com/2012/04/cf-f-2008.jpg,https://blackspar1.wordpress.com/retrievals/,
6757,,yes,Male,Dark,Adult,Ann Koeslag,"{""latitude"":-34.034167,""longitude"":18.464443999999958}",-34.034167,18.464443999999958,Diepriver,http://www.capebirdclub.org.za/cbc/images/zvt-bsh male AK may 2007.jpg,http://www.capebirdclub.org.za/cbc/Western cape Raptor Research Programme-odette.html,"Juvinile in image but adult on page, using this survey-result for that adult. http://www.getbirding.com/wp-content/uploads/2011/08/blacksparrowhawk-1.jpg"
6759,,yes,,Dark,Adult,Hardaker Wildlife,"{""latitude"":-33.9940082,""longitude"":22.574848100000054}",-33.9940082,22.574848100000054,Wilderness,https://hardakerwildlife.files.wordpress.com/2011/11/20111022wilderness-blacksparrowhawk.jpg,https://hardakerwildlife.wordpress.com/2011/11/02/22-october-2011-of-flufftails-and-trogons/,Cannot see chest; location in description.
6767,,yes,,Dark,Adult,Thandeka Lodge,"{""latitude"":-24.7,""longitude"":28.399999999999977}",-24.7,28.399999999999977,Thandeka Lodge,http://www.thandekalodge.com/images/gallery/birds/Sparrowhawk_Black.jpg,http://www.thandekalodge.com/bird-gallery.php,Location in description.
6195,,yes,,Light,Adult,AfriPics,"{""latitude"":-33.9321045,""longitude"":18.86015199999997}",-33.9321045,18.86015199999997,"Stellenbosch, Western Cape, South Africa",http://c8.alamy.com/comp/A7ACCK/portrait-of-a-black-sparrowhawk-calling-stellenbosch-western-cape-A7ACCK.jpg,http://www.alamy.com/stock-photo-portrait-of-a-black-sparrowhawk-calling-stellenbosch-western-cape-11776722.html,Location in description
6207,,yes,,Light,Adult,Ann Koeslag,"{""latitude"":-34.054952,""longitude"":18.39987199999996}",-34.054952,18.39987199999996,Tokai 'cape town suburb',http://upload.wikimedia.org/wikipedia/commons/thumb/5/58/Black_Sparrowhawk_white_morph_2_x.jpg/220px-Black_Sparrowhawk_white_morph_2_x.jpg,http://en.wikipedia.org/wiki/Black_sparrowhawk,Location in description.
6286,,yes,,Light,Adult,David Winter,"{""latitude"":-33.987501,""longitude"":18.432722000000012}",-33.987501,18.432722000000012,Kirstenbosch,http://www.getbirding.com/wp-content/uploads/2011/11/22january2011_kirstenbsoch1-1.jpg,http://www.getbirding.com/?paged=3,Image too poor to be stock photo - location on website
6304,,yes,,Light,Adult,Elena,"{""latitude"":-29.84826,""longitude"":31.008740999999986}",-29.84826,31.008740999999986,Durban Botanical Gardens,https://birdlifepn.files.wordpress.com/2014/08/black-sparrowhawk-accipiter-melanoleucus_d715476.jpg,http://blpn.org/2014/08/05/durban-botanical-gardens-saturday-outing/,Location in description
6313,,yes,,Light,Adult,Shane McPherson,"{""latitude"":-23.988385,""longitude"":31.554740000000038}",-23.988385,31.554740000000038,Kruger National Park,http://1.bp.blogspot.com/-cbNtMnIPMWc/UfMI-c6YufI/AAAAAAAACxo/NyAel-UAVDk/s1600/IMG_4287.JPG,http://kzn-ce.blogspot.com/2013/07/raptors-of-kruger.html,Location in description
6318,,yes,,Light,Adult,Bryn de Kocks,"{""latitude"":-34.042081,""longitude"":19.034288999999944}",-34.042081,19.034288999999944,Hottentots Holland Mountain range,http://bryndekocks.com/wp-content/uploads/2012/09/Black-Sparrowhawk.jpg,http://bryndekocks.com/blog/spring-is-here-so-are-the-raptors/,Location in description
6385,,yes,,Light,Adult,Toumas Seimola,"{""latitude"":-29.800554,""longitude"":31.04282699999999}",-29.800554,31.04282699999999,"Beachwood mangroves, Durban, KwaZuluNatal, South Africa",http://www.tarsiger.com/images/seimola/thumbs/thumb_1DSC_4437Black_Sparrowhawk.jpg,"http://www.tarsiger.com/gallery/index.php?sp=find&lang=eng&order=nro,paiva DESC&species=10600",Location in description
6391,,yes,,Light,Adult,,"{""latitude"":-33.85,""longitude"":18.58333330000005}",-33.85,18.58333330000005,Tygerberg Hills,http://tygerberghills.co.za/wordpress/wp-content/uploads/2014/09/black_sparrowhawk_01.jpg,http://tygerberghills.co.za/page/10/,Location in description
6400,,yes,,Light,Adult,Tony Rebelo,"{""latitude"":-34.0625,""longitude"":18.441667000000052}",-34.0625,18.441667000000052,Tokai Park upper canal block A14c,http://www.ispotnature.org/sites/default/files/imagecache/mid/images/6268/d7204bb55c6897da6350c8ac2d5eb79c_1.jpg,http://www.ispotnature.org/species-dictionaries/sanbi/Accipiter melanoleucus subsp. melanoleucus,Location in desc.
6402,,yes,,Light,Adult,Jonker Fourie (Firefly),"{""latitude"":-33.958056,""longitude"":25.600000000000023}",-33.958056,25.600000000000023,"Port Elizabeth, Eastern Cape, South Africa",http://2.bp.blogspot.com/-j_cXs_bqBbI/UARhu_8mfPI/AAAAAAAAHnM/knFh0tleemQ/s1600/004.jpg,http://fireflyafrica.blogspot.com/2012/07/black-sparrowhawk.html,Location in description
6406,,yes,,Light,Adult,Tony Rebelo,"{""latitude"":-33.8131251,""longitude"":18.65764469999999}",-33.8131251,18.65764469999999,Vierlanden Durbanville,http://www.ispotnature.org/sites/default/files/imagecache/mid/images/6268/671c61b6ce34e3c461dde9d6252397be_0.jpg,http://www.ispotnature.org/species-dictionaries/sanbi/Accipiter melanoleucus subsp. melanoleucus,Location in description.
6411,,yes,,Light,Adult,Firephish,"{""latitude"":-25.9934195,""longitude"":27.5437144}",-25.9934195,27.5437144,"Magaliesburg, Gauteng, South Africa",http://4.bp.blogspot.com/-VdCX_W7cICE/Tf5F0lnh19I/AAAAAAAAAkE/klQCizyC-Ao/s1600/151s.JPG,http://wildjohannesburg.blogspot.com/2011/06/feathered-nest-magaliseberg.html,Location in desc. Umgeni River - finfoot
6418,,yes,Female,Light,Adult,Warwick,"{""latitude"":-24.64513,""longitude"":28.684810999999968}",-24.64513,28.684810999999968,Nylsvley area,http://www.warwicktarboton.co.za/images/BIRD jpgs/resized/158-Black-Sparrowhawk-WTb.jpg,http://www.warwicktarboton.co.za/birdpgs/158BSHwk.html,
6419,,yes,,Light,Adult,,"{""latitude"":-29.6211446,""longitude"":30.473991299999966}",-29.6211446,30.473991299999966,"Umgeni river mouth, KZN",https://birdlifepn.files.wordpress.com/2014/07/black-sparrowhawk-in-flight.jpg?w=150&h=100,http://blpn.org/2014/07/17/finfoot-loop/,Location in description.
6421,,yes,,Light,Adult,,"{""latitude"":-34.076,""longitude"":18.57299999999998}",-34.076,18.57299999999998,"Strandfontein Pans, Cape Town, South Africa.",http://www.avesbirdingtours.com/photos/newletter_12431_big_2.jpg?6,http://www.avesbirdingtours.com/wnewsdisp.php?id=12431,
6434,,yes,,Light,Adult,Living in Avery Avenue,"{""latitude"":-34.024827,""longitude"":18.44586800000002}",-34.024827,18.44586800000002,Avery Avenue Constantia,http://4.bp.blogspot.com/-6FRCWtKSi5k/VG8oK61g4uI/AAAAAAAAEa8/ATWnYOQw7_Q/s1600/close.jpg,http://livinginaveryavenue.blogspot.com/,Location in url.
6435,,yes,,Light,Adult,Finfoot,"{""latitude"":-29.808634,""longitude"":31.017356999999947}",-29.808634,31.017356999999947,Finfoot trail - Umgeni River,https://birdlifepn.files.wordpress.com/2014/07/black-sparrowhawk.jpg?w=150&h=101,http://blpn.org/2014/07/17/finfoot-loop/,Location on flickr. https://www.flickr.com/photos/aquanaught/8355003288/
6464,,yes,,Light,Adult,My Wild - Tygerberg,"{""latitude"":-33.91146,""longitude"":18.61008000000004}",-33.91146,18.61008000000004,Tygerberg,http://2.bp.blogspot.com/_zxnmCSWpaVg/TNLeSF31PfI/AAAAAAAAApg/beSOdnI7a1w/s1600/Swartsperwer.jpg,http://cameratrap.mywild.co.za/2010/11/puddle-of-dreams.html,Location on website.
6555,,yes,,Light,Adult,Astro Cape,"{""latitude"":-34.063006,""longitude"":18.495858999999996}",-34.063006,18.495858999999996,Rondeflei,http://www.astrocape.org.za/Rondevlei/SparrowHawk_Black4915pa.jpg,http://www.astrocape.org.za/Rondevlei/,
6559,,yes,,Light,Adult,Ian Pilling,"{""latitude"":-26.683333,""longitude"":31.683332999999948}",-26.683333,31.683332999999948,"Siphofaneni, Lubombo, Swaziland",http://farm9.staticflickr.com/8219/8355003288_4409ce2dc2.jpg,http://www.flickr.com/services/feeds/geo/?format=kml&tags=accipitermelanoleucus&lang=en-us&page=1,Location in description.
6565,,yes,,Light,Adult,Malcolm Dee,"{""latitude"":-34.017491,""longitude"":18.36818990000006}",-34.017491,18.36818990000006,363 Valley Rd,http://www.ispotnature.org/sites/default/files/imagecache/mid/images/42020/4ede4abc65f54e6814d610da219f2412.jpg,http://www.ispotnature.org/species-dictionaries/sanbi/Accipiter melanoleucus subsp. melanoleucus,
6651,,yes,,Light,Adult,,"{""latitude"":-34.054952,""longitude"":18.39987199999996}",-34.054952,18.39987199999996,Tokai Plantation,http://www.afton.co.za/images/bird-black-sparrowhawk.jpg,http://www.afton.co.za/birding.htm,Location in description.
6742,,yes,,Light,Adult,Buck Ham birding,"{""latitude"":-34.128577,""longitude"":18.411307899999997}",-34.128577,18.411307899999997,The Glen,http://www.buckhambirding.co.za/wp/wp-content/uploads/2011/10/Black-Sparrowhawk-20111002.jpg,http://www.buckhambirding.co.za/wp/?page_id=1188,Location in description.
6753,,yes,,Light,Adult,Buckingham Birding,"{""latitude"":-34.05,""longitude"":23.366667000000007}",-34.05,23.366667000000007,Plett,http://www.buckhambirding.co.za/wp/wp-content/uploads/2012/04/Black-Sparrowhawk-20120331.jpg,http://www.buckhambirding.co.za/wp/?page_id=6069,
6764,,yes,Female,Light,Adult,Ann Koeslag,"{""latitude"":-34.034167,""longitude"":18.464443999999958}",-34.034167,18.464443999999958,Diep River,http://www.capebirdclub.org.za/cbc/images/zvt-bsh female AK may 2007.JPG,http://www.capebirdclub.org.za/cbc/Western cape Raptor Research Programme-odette.html,(Female bird on top left) - location in descirption.
6814,,yes,,Light,Adult,Birdlife Port Natal,"{""latitude"":-29.77038559986848,""longitude"":30.92683273654552}",-29.77038559986848,30.92683273654552,the large new Kwadebeka bridge over the river on the M25.,http://birdlifepn.files.wordpress.com/2014/07/black-sparrowhawk-in-flight.jpg?w=807,http://blpn.org/2014/07/17/finfoot-loop/black-sparrowhawk-in-flight/,Location in description.
